Base Postcode,Base Latitude,Base Longitude,Postcode,Latitude,Longitude
EN6 3JN,51.704923,-0.201589,EN6 1AA,51.699297,-0.189767
EN6 3JN,51.704923,-0.201589,EN6 1AB,51.699906,-0.19022
EN6 3JN,51.704923,-0.201589,EN6 1AD,51.698658,-0.190314
EN6 3JN,51.704923,-0.201589,EN6 1AE,51.698268,-0.191284
EN6 3JN,51.704923,-0.201589,EN6 1AF,51.699224,-0.190571
EN6 3JN,51.704923,-0.201589,EN6 1AG,51.696773,-0.191421
EN6 3JN,51.704923,-0.201589,EN6 1AH,51.700734,-0.183255
EN6 3JN,51.704923,-0.201589,EN6 1AJ,51.696725,-0.191505
EN6 3JN,51.704923,-0.201589,EN6 1AL,51.696769,-0.191445
EN6 3JN,51.704923,-0.201589,EN6 1AN,51.697534,-0.192954
EN6 3JN,51.704923,-0.201589,EN6 1AP,51.700734,-0.183255
EN6 3JN,51.704923,-0.201589,EN6 1AQ,51.697647,-0.191815
EN6 3JN,51.704923,-0.201589,EN6 1AR,51.699211,-0.191218
EN6 3JN,51.704923,-0.201589,EN6 1AS,51.700734,-0.183255
EN6 3JN,51.704923,-0.201589,EN6 1AT,51.698313,-0.191253
EN6 3JN,51.704923,-0.201589,EN6 1AU,51.697685,-0.192818
EN6 3JN,51.704923,-0.201589,EN6 1AW,51.698556,-0.190086
EN6 3JN,51.704923,-0.201589,EN6 1AX,51.699016,-0.190762
EN6 3JN,51.704923,-0.201589,EN6 1AY,51.700734,-0.183255
EN6 3JN,51.704923,-0.201589,EN6 1AZ,51.696933,-0.191554
EN6 3JN,51.704923,-0.201589,EN6 1BA,51.697314,-0.191235
EN6 3JN,51.704923,-0.201589,EN6 1BB,51.697324,-0.191293
EN6 3JN,51.704923,-0.201589,EN6 1BD,51.69736,-0.191277
EN6 3JN,51.704923,-0.201589,EN6 1BE,51.698556,-0.190086
EN6 3JN,51.704923,-0.201589,EN6 1BF,51.698556,-0.190086
EN6 3JN,51.704923,-0.201589,EN6 1BG,51.698556,-0.190086
EN6 3JN,51.704923,-0.201589,EN6 1BH,51.696515,-0.191325
EN6 3JN,51.704923,-0.201589,EN6 1BJ,51.697746,-0.190948
EN6 3JN,51.704923,-0.201589,EN6 1BL,51.697591,-0.191094
EN6 3JN,51.704923,-0.201589,EN6 1BN,51.698556,-0.190086
EN6 3JN,51.704923,-0.201589,EN6 1BP,51.699297,-0.189767
EN6 3JN,51.704923,-0.201589,EN6 1BQ,51.697332,-0.191206
EN6 3JN,51.704923,-0.201589,EN6 1BS,51.698435,-0.190424
EN6 3JN,51.704923,-0.201589,EN6 1BT,51.698658,-0.190314
EN6 3JN,51.704923,-0.201589,EN6 1BU,51.698871,-0.190146
EN6 3JN,51.704923,-0.201589,EN6 1BW,51.698524,-0.190391
EN6 3JN,51.704923,-0.201589,EN6 1BX,51.700974,-0.188296
EN6 3JN,51.704923,-0.201589,EN6 1BY,51.705043,-0.176396
EN6 3JN,51.704923,-0.201589,EN6 1BZ,51.702593,-0.186611
EN6 3JN,51.704923,-0.201589,EN6 1DA,51.702851,-0.18757
EN6 3JN,51.704923,-0.201589,EN6 1DB,51.701707,-0.188629
EN6 3JN,51.704923,-0.201589,EN6 1DD,51.700712,-0.189421
EN6 3JN,51.704923,-0.201589,EN6 1DE,51.699301,-0.189743
EN6 3JN,51.704923,-0.201589,EN6 1DF,51.700597,-0.190685
EN6 3JN,51.704923,-0.201589,EN6 1DG,51.700075,-0.192978
EN6 3JN,51.704923,-0.201589,EN6 1DH,51.699995,-0.19013
EN6 3JN,51.704923,-0.201589,EN6 1DJ,51.698506,-0.192128
EN6 3JN,51.704923,-0.201589,EN6 1DL,51.699024,-0.190125
EN6 3JN,51.704923,-0.201589,EN6 1DN,51.697236,-0.192271
EN6 3JN,51.704923,-0.201589,EN6 1DP,51.696128,-0.178814
EN6 3JN,51.704923,-0.201589,EN6 1DQ,51.700509,-0.192555
EN6 3JN,51.704923,-0.201589,EN6 1DR,51.700088,-0.189736
EN6 3JN,51.704923,-0.201589,EN6 1DS,51.698556,-0.190086
EN6 3JN,51.704923,-0.201589,EN6 1DT,51.707409,-0.181078
EN6 3JN,51.704923,-0.201589,EN6 1DU,51.699211,-0.191218
EN6 3JN,51.704923,-0.201589,EN6 1DW,51.699211,-0.191218
EN6 3JN,51.704923,-0.201589,EN6 1DX,51.700088,-0.189736
EN6 3JN,51.704923,-0.201589,EN6 1DZ,51.697414,-0.191289
EN6 3JN,51.704923,-0.201589,EN6 1EA,51.698556,-0.190086
EN6 3JN,51.704923,-0.201589,EN6 1EB,51.702302,-0.191022
EN6 3JN,51.704923,-0.201589,EN6 1ED,51.704615,-0.192927
EN6 3JN,51.704923,-0.201589,EN6 1EE,51.703901,-0.191537
EN6 3JN,51.704923,-0.201589,EN6 1EF,51.696538,-0.192771
EN6 3JN,51.704923,-0.201589,EN6 1EG,51.702408,-0.190338
EN6 3JN,51.704923,-0.201589,EN6 1EH,51.703077,-0.189399
EN6 3JN,51.704923,-0.201589,EN6 1EJ,51.705163,-0.191718
EN6 3JN,51.704923,-0.201589,EN6 1EL,51.705003,-0.190104
EN6 3JN,51.704923,-0.201589,EN6 1EN,51.703379,-0.189127
EN6 3JN,51.704923,-0.201589,EN6 1EP,51.704106,-0.18849
EN6 3JN,51.704923,-0.201589,EN6 1EQ,51.701863,-0.188218
EN6 3JN,51.704923,-0.201589,EN6 1ER,51.704415,-0.18813
EN6 3JN,51.704923,-0.201589,EN6 1ES,51.703815,-0.186519
EN6 3JN,51.704923,-0.201589,EN6 1ET,51.703768,-0.18406
EN6 3JN,51.704923,-0.201589,EN6 1EU,51.703519,-0.177833
EN6 3JN,51.704923,-0.201589,EN6 1EW,51.703352,-0.187377
EN6 3JN,51.704923,-0.201589,EN6 1EX,51.70305,-0.178329
EN6 3JN,51.704923,-0.201589,EN6 1EY,51.70357,-0.180595
EN6 3JN,51.704923,-0.201589,EN6 1EZ,51.703069,-0.183611
EN6 3JN,51.704923,-0.201589,EN6 1GB,51.703068,-0.183596
EN6 3JN,51.704923,-0.201589,EN6 1HA,51.703086,-0.184724
EN6 3JN,51.704923,-0.201589,EN6 1HB,51.703048,-0.185753
EN6 3JN,51.704923,-0.201589,EN6 1HD,51.70269,-0.185305
EN6 3JN,51.704923,-0.201589,EN6 1HE,51.697405,-0.192447
EN6 3JN,51.704923,-0.201589,EN6 1HF,51.698556,-0.190086
EN6 3JN,51.704923,-0.201589,EN6 1HH,51.699949,-0.175231
EN6 3JN,51.704923,-0.201589,EN6 1HJ,51.699887,-0.176719
EN6 3JN,51.704923,-0.201589,EN6 1HL,51.699891,-0.175596
EN6 3JN,51.704923,-0.201589,EN6 1HN,51.699647,-0.175166
EN6 3JN,51.704923,-0.201589,EN6 1HP,51.699184,-0.17491
EN6 3JN,51.704923,-0.201589,EN6 1HR,51.700658,-0.176008
EN6 3JN,51.704923,-0.201589,EN6 1HS,51.701936,-0.175238
EN6 3JN,51.704923,-0.201589,EN6 1HT,51.701935,-0.176058
EN6 3JN,51.704923,-0.201589,EN6 1HU,51.702749,-0.176923
EN6 3JN,51.704923,-0.201589,EN6 1HW,51.699104,-0.17555
EN6 3JN,51.704923,-0.201589,EN6 1HX,51.703332,-0.176841
EN6 3JN,51.704923,-0.201589,EN6 1HY,51.702815,-0.174778
EN6 3JN,51.704923,-0.201589,EN6 1HZ,51.703566,-0.175969
EN6 3JN,51.704923,-0.201589,EN6 1JA,51.703111,-0.174453
EN6 3JN,51.704923,-0.201589,EN6 1JB,51.703933,-0.176152
EN6 3JN,51.704923,-0.201589,EN6 1JD,51.704392,-0.177079
EN6 3JN,51.704923,-0.201589,EN6 1JE,51.704124,-0.174818
EN6 3JN,51.704923,-0.201589,EN6 1JF,51.704431,-0.174935
EN6 3JN,51.704923,-0.201589,EN6 1JG,51.704893,-0.172833
EN6 3JN,51.704923,-0.201589,EN6 1JH,51.704812,-0.174558
EN6 3JN,51.704923,-0.201589,EN6 1JJ,51.705076,-0.174794
EN6 3JN,51.704923,-0.201589,EN6 1JL,51.705096,-0.176307
EN6 3JN,51.704923,-0.201589,EN6 1JN,51.705723,-0.175911
EN6 3JN,51.704923,-0.201589,EN6 1JP,51.70617,-0.175748
EN6 3JN,51.704923,-0.201589,EN6 1JQ,51.704368,-0.173187
EN6 3JN,51.704923,-0.201589,EN6 1JR,51.704969,-0.173375
EN6 3JN,51.704923,-0.201589,EN6 1JS,51.704335,-0.173646
EN6 3JN,51.704923,-0.201589,EN6 1JT,51.703864,-0.173405
EN6 3JN,51.704923,-0.201589,EN6 1JU,51.698556,-0.190086
EN6 3JN,51.704923,-0.201589,EN6 1JW,51.70596,-0.174975
EN6 3JN,51.704923,-0.201589,EN6 1JX,51.66212,-0.17679
EN6 3JN,51.704923,-0.201589,EN6 1JY,51.684194,-0.17952
EN6 3JN,51.704923,-0.201589,EN6 1JZ,51.706267,-0.182252
EN6 3JN,51.704923,-0.201589,EN6 1LA,51.707312,-0.175124
EN6 3JN,51.704923,-0.201589,EN6 1LB,51.705439,-0.177269
EN6 3JN,51.704923,-0.201589,EN6 1LD,51.705301,-0.177949
EN6 3JN,51.704923,-0.201589,EN6 1LE,51.707279,-0.177658
EN6 3JN,51.704923,-0.201589,EN6 1LF,51.70638,-0.176777
EN6 3JN,51.704923,-0.201589,EN6 1LG,51.707039,-0.183081
EN6 3JN,51.704923,-0.201589,EN6 1LH,51.705055,-0.187048
EN6 3JN,51.704923,-0.201589,EN6 1LJ,51.704864,-0.185131
EN6 3JN,51.704923,-0.201589,EN6 1LL,51.70581,-0.18559
EN6 3JN,51.704923,-0.201589,EN6 1LN,51.70491,-0.183464
EN6 3JN,51.704923,-0.201589,EN6 1LQ,51.704189,-0.185679
EN6 3JN,51.704923,-0.201589,EN6 1LR,51.706348,-0.181979
EN6 3JN,51.704923,-0.201589,EN6 1LS,51.707155,-0.182101
EN6 3JN,51.704923,-0.201589,EN6 1LT,51.706923,-0.181392
EN6 3JN,51.704923,-0.201589,EN6 1LU,51.707219,-0.178456
EN6 3JN,51.704923,-0.201589,EN6 1LW,51.705977,-0.18442
EN6 3JN,51.704923,-0.201589,EN6 1LX,51.708306,-0.1807
EN6 3JN,51.704923,-0.201589,EN6 1LZ,51.706726,-0.178534
EN6 3JN,51.704923,-0.201589,EN6 1NA,51.707799,-0.181009
EN6 3JN,51.704923,-0.201589,EN6 1NB,51.710986,-0.189691
EN6 3JN,51.704923,-0.201589,EN6 1ND,51.707706,-0.182026
EN6 3JN,51.704923,-0.201589,EN6 1NE,51.708346,-0.182131
EN6 3JN,51.704923,-0.201589,EN6 1NF,51.7081,-0.182503
EN6 3JN,51.704923,-0.201589,EN6 1NG,51.710526,-0.183491
EN6 3JN,51.704923,-0.201589,EN6 1NH,51.711328,-0.184226
EN6 3JN,51.704923,-0.201589,EN6 1NJ,51.709884,-0.183555
EN6 3JN,51.704923,-0.201589,EN6 1NL,51.711534,-0.191166
EN6 3JN,51.704923,-0.201589,EN6 1NN,51.712133,-0.184527
EN6 3JN,51.704923,-0.201589,EN6 1NP,51.711869,-0.183104
EN6 3JN,51.704923,-0.201589,EN6 1NQ,51.711182,-0.182886
EN6 3JN,51.704923,-0.201589,EN6 1NR,51.712441,-0.182343
EN6 3JN,51.704923,-0.201589,EN6 1NS,51.71261,-0.17989
EN6 3JN,51.704923,-0.201589,EN6 1NT,51.711395,-0.181815
EN6 3JN,51.704923,-0.201589,EN6 1NU,51.712982,-0.179204
EN6 3JN,51.704923,-0.201589,EN6 1NW,51.712488,-0.183601
EN6 3JN,51.704923,-0.201589,EN6 1NX,51.713258,-0.174995
EN6 3JN,51.704923,-0.201589,EN6 1NY,51.703571,-0.18236
EN6 3JN,51.704923,-0.201589,EN6 1NZ,51.710651,-0.169576
EN6 3JN,51.704923,-0.201589,EN6 1PA,51.698255,-0.191574
EN6 3JN,51.704923,-0.201589,EN6 1PB,51.698556,-0.190086
EN6 3JN,51.704923,-0.201589,EN6 1PE,51.698494,-0.189032
EN6 3JN,51.704923,-0.201589,EN6 1PF,51.698351,-0.189617
EN6 3JN,51.704923,-0.201589,EN6 1PG,51.697934,-0.189445
EN6 3JN,51.704923,-0.201589,EN6 1PH,51.697585,-0.190139
EN6 3JN,51.704923,-0.201589,EN6 1PJ,51.696956,-0.189542
EN6 3JN,51.704923,-0.201589,EN6 1PL,51.697161,-0.190012
EN6 3JN,51.704923,-0.201589,EN6 1PN,51.695203,-0.189583
EN6 3JN,51.704923,-0.201589,EN6 1PP,51.694002,-0.185753
EN6 3JN,51.704923,-0.201589,EN6 1PQ,51.697861,-0.18994
EN6 3JN,51.704923,-0.201589,EN6 1PR,51.695615,-0.189196
EN6 3JN,51.704923,-0.201589,EN6 1PS,51.696739,-0.190636
EN6 3JN,51.704923,-0.201589,EN6 1PU,51.644639,-0.151475
EN6 3JN,51.704923,-0.201589,EN6 1PW,51.694654,-0.186682
EN6 3JN,51.704923,-0.201589,EN6 1PZ,51.669208,-0.169998
EN6 3JN,51.704923,-0.201589,EN6 1QA,51.697808,-0.190295
EN6 3JN,51.704923,-0.201589,EN6 1QB,51.696418,-0.179753
EN6 3JN,51.704923,-0.201589,EN6 1QD,51.697096,-0.190477
EN6 3JN,51.704923,-0.201589,EN6 1QE,51.695436,-0.183149
EN6 3JN,51.704923,-0.201589,EN6 1QF,51.696108,-0.187637
EN6 3JN,51.704923,-0.201589,EN6 1QG,51.695963,-0.184054
EN6 3JN,51.704923,-0.201589,EN6 1QH,51.695129,-0.179588
EN6 3JN,51.704923,-0.201589,EN6 1QJ,51.6965,-0.187404
EN6 3JN,51.704923,-0.201589,EN6 1QL,51.695403,-0.178708
EN6 3JN,51.704923,-0.201589,EN6 1QN,51.695724,-0.181966
EN6 3JN,51.704923,-0.201589,EN6 1QP,51.697386,-0.188309
EN6 3JN,51.704923,-0.201589,EN6 1QQ,51.695106,-0.179241
EN6 3JN,51.704923,-0.201589,EN6 1QR,51.697617,-0.186361
EN6 3JN,51.704923,-0.201589,EN6 1QS,51.69829,-0.189807
EN6 3JN,51.704923,-0.201589,EN6 1QT,51.700734,-0.183255
EN6 3JN,51.704923,-0.201589,EN6 1QU,51.700066,-0.188289
EN6 3JN,51.704923,-0.201589,EN6 1QW,51.696963,-0.184217
EN6 3JN,51.704923,-0.201589,EN6 1QX,51.700066,-0.188289
EN6 3JN,51.704923,-0.201589,EN6 1QY,51.70061,-0.186893
EN6 3JN,51.704923,-0.201589,EN6 1QZ,51.700782,-0.184628
EN6 3JN,51.704923,-0.201589,EN6 1RA,51.699976,-0.182504
EN6 3JN,51.704923,-0.201589,EN6 1RB,51.700693,-0.182345
EN6 3JN,51.704923,-0.201589,EN6 1RD,51.701114,-0.180476
EN6 3JN,51.704923,-0.201589,EN6 1RE,51.700949,-0.178573
EN6 3JN,51.704923,-0.201589,EN6 1RF,51.701291,-0.176822
EN6 3JN,51.704923,-0.201589,EN6 1RG,51.701727,-0.176515
EN6 3JN,51.704923,-0.201589,EN6 1RH,51.702201,-0.178103
EN6 3JN,51.704923,-0.201589,EN6 1RJ,51.702703,-0.179477
EN6 3JN,51.704923,-0.201589,EN6 1RL,51.703104,-0.180642
EN6 3JN,51.704923,-0.201589,EN6 1RN,51.702318,-0.182193
EN6 3JN,51.704923,-0.201589,EN6 1RQ,51.702287,-0.17671
EN6 3JN,51.704923,-0.201589,EN6 1RR,51.703749,-0.193931
EN6 3JN,51.704923,-0.201589,EN6 1RS,51.70611,-0.179369
EN6 3JN,51.704923,-0.201589,EN6 1RT,51.699211,-0.191218
EN6 3JN,51.704923,-0.201589,EN6 1RU,51.699211,-0.191218
EN6 3JN,51.704923,-0.201589,EN6 1RW,51.701719,-0.18009
EN6 3JN,51.704923,-0.201589,EN6 1RX,51.701841,-0.186771
EN6 3JN,51.704923,-0.201589,EN6 1RY,51.698556,-0.190086
EN6 3JN,51.704923,-0.201589,EN6 1RZ,51.704563,-0.181409
EN6 3JN,51.704923,-0.201589,EN6 1SA,51.705209,-0.182468
EN6 3JN,51.704923,-0.201589,EN6 1SB,51.706374,-0.180762
EN6 3JN,51.704923,-0.201589,EN6 1SD,51.705517,-0.181472
EN6 3JN,51.704923,-0.201589,EN6 1SE,51.707517,-0.180239
EN6 3JN,51.704923,-0.201589,EN6 1SF,51.706475,-0.180015
EN6 3JN,51.704923,-0.201589,EN6 1SG,51.705455,-0.180047
EN6 3JN,51.704923,-0.201589,EN6 1SH,51.705608,-0.178941
EN6 3JN,51.704923,-0.201589,EN6 1SJ,51.705564,-0.178392
EN6 3JN,51.704923,-0.201589,EN6 1SL,51.704938,-0.180062
EN6 3JN,51.704923,-0.201589,EN6 1SN,51.704136,-0.181093
EN6 3JN,51.704923,-0.201589,EN6 1SP,51.704284,-0.179032
EN6 3JN,51.704923,-0.201589,EN6 1SQ,51.697534,-0.192954
EN6 3JN,51.704923,-0.201589,EN6 1SR,51.704339,-0.177959
EN6 3JN,51.704923,-0.201589,EN6 1SS,51.698556,-0.190086
EN6 3JN,51.704923,-0.201589,EN6 1ST,51.694763,-0.182655
EN6 3JN,51.704923,-0.201589,EN6 1SU,51.695505,-0.18413
EN6 3JN,51.704923,-0.201589,EN6 1SW,51.704135,-0.179892
EN6 3JN,51.704923,-0.201589,EN6 1SX,51.70734,-0.18069
EN6 3JN,51.704923,-0.201589,EN6 1SY,51.69524,-0.185926
EN6 3JN,51.704923,-0.201589,EN6 1SZ,51.694573,-0.184935
EN6 3JN,51.704923,-0.201589,EN6 1TA,51.693818,-0.184921
EN6 3JN,51.704923,-0.201589,EN6 1TB,51.694203,-0.183633
EN6 3JN,51.704923,-0.201589,EN6 1TD,51.693731,-0.184549
EN6 3JN,51.704923,-0.201589,EN6 1TE,51.693467,-0.183185
EN6 3JN,51.704923,-0.201589,EN6 1TF,51.694231,-0.18314
EN6 3JN,51.704923,-0.201589,EN6 1TG,51.698368,-0.191902
EN6 3JN,51.704923,-0.201589,EN6 1TH,51.698335,-0.1927
EN6 3JN,51.704923,-0.201589,EN6 1TJ,51.699256,-0.19411
EN6 3JN,51.704923,-0.201589,EN6 1TL,51.698988,-0.193373
EN6 3JN,51.704923,-0.201589,EN6 1TN,51.698324,-0.191977
EN6 3JN,51.704923,-0.201589,EN6 1TS,51.699278,-0.195556
EN6 3JN,51.704923,-0.201589,EN6 1TT,51.699948,-0.194097
EN6 3JN,51.704923,-0.201589,EN6 1TU,51.700734,-0.183255
EN6 3JN,51.704923,-0.201589,EN6 1TW,51.698357,-0.194146
EN6 3JN,51.704923,-0.201589,EN6 1TY,51.698556,-0.190086
EN6 3JN,51.704923,-0.201589,EN6 1UB,51.700734,-0.183255
EN6 3JN,51.704923,-0.201589,EN6 1UE,51.699199,-0.188642
EN6 3JN,51.704923,-0.201589,EN6 1UF,51.69895,-0.18706
EN6 3JN,51.704923,-0.201589,EN6 1UH,51.698764,-0.183783
EN6 3JN,51.704923,-0.201589,EN6 1UJ,51.698593,-0.181474
EN6 3JN,51.704923,-0.201589,EN6 1UL,51.696475,-0.182268
EN6 3JN,51.704923,-0.201589,EN6 1UN,51.697725,-0.182276
EN6 3JN,51.704923,-0.201589,EN6 1UP,51.698473,-0.187051
EN6 3JN,51.704923,-0.201589,EN6 1UQ,51.699153,-0.18507
EN6 3JN,51.704923,-0.201589,EN6 1UR,51.698857,-0.189558
EN6 3JN,51.704923,-0.201589,EN6 1US,51.697206,-0.181327
EN6 3JN,51.704923,-0.201589,EN6 1UT,51.700206,-0.188376
EN6 3JN,51.704923,-0.201589,EN6 1UU,51.700112,-0.186088
EN6 3JN,51.704923,-0.201589,EN6 1UW,51.69834,-0.184263
EN6 3JN,51.704923,-0.201589,EN6 1UX,51.699853,-0.182683
EN6 3JN,51.704923,-0.201589,EN6 1UY,51.700096,-0.178042
EN6 3JN,51.704923,-0.201589,EN6 1UZ,51.699033,-0.179648
EN6 3JN,51.704923,-0.201589,EN6 1WA,51.700096,-0.178042
EN6 3JN,51.704923,-0.201589,EN6 1WB,51.700096,-0.178042
EN6 3JN,51.704923,-0.201589,EN6 1WD,51.700096,-0.178042
EN6 3JN,51.704923,-0.201589,EN6 1WE,51.698556,-0.190086
EN6 3JN,51.704923,-0.201589,EN6 1WF,51.700096,-0.178042
EN6 3JN,51.704923,-0.201589,EN6 1WG,51.700096,-0.178042
EN6 3JN,51.704923,-0.201589,EN6 1WH,51.698556,-0.190086
EN6 3JN,51.704923,-0.201589,EN6 1WJ,51.698556,-0.190086
EN6 3JN,51.704923,-0.201589,EN6 1WL,51.700096,-0.178042
EN6 3JN,51.704923,-0.201589,EN6 1WQ,51.700096,-0.178042
EN6 3JN,51.704923,-0.201589,EN6 1WX,51.698556,-0.190086
EN6 3JN,51.704923,-0.201589,EN6 1WZ,51.698556,-0.190086
EN6 3JN,51.704923,-0.201589,EN6 1XD,51.698556,-0.190086
EN6 3JN,51.704923,-0.201589,EN6 1XE,51.699476,-0.182713
EN6 3JN,51.704923,-0.201589,EN6 1XG,51.698658,-0.190314
EN6 3JN,51.704923,-0.201589,EN6 1XH,51.699401,-0.182513
EN6 3JN,51.704923,-0.201589,EN6 1XJ,51.698556,-0.190086
EN6 3JN,51.704923,-0.201589,EN6 1XL,51.699476,-0.182713
EN6 3JN,51.704923,-0.201589,EN6 1XN,51.69978,-0.187259
EN6 3JN,51.704923,-0.201589,EN6 1XP,51.698658,-0.190314
EN6 3JN,51.704923,-0.201589,EN6 1XQ,51.699401,-0.182513
EN6 3JN,51.704923,-0.201589,EN6 1XR,51.698556,-0.190086
EN6 3JN,51.704923,-0.201589,EN6 1XS,51.700734,-0.183255
EN6 3JN,51.704923,-0.201589,EN6 1XT,51.698658,-0.190314
EN6 3JN,51.704923,-0.201589,EN6 1XU,51.698556,-0.190086
EN6 3JN,51.704923,-0.201589,EN6 1XW,51.700361,-0.175441
EN6 3JN,51.704923,-0.201589,EN6 1XZ,51.698658,-0.190314
EN6 3JN,51.704923,-0.201589,EN6 1YJ,51.698658,-0.190314
EN6 3JN,51.704923,-0.201589,EN6 1YL,51.698658,-0.190314
EN6 3JN,51.704923,-0.201589,EN6 1YP,51.698556,-0.190086
EN6 3JN,51.704923,-0.201589,EN6 1YQ,51.700297,-0.175343
EN6 3JN,51.704923,-0.201589,EN6 1YR,51.698556,-0.190086
EN6 3JN,51.704923,-0.201589,EN6 1YS,51.698556,-0.190086
EN6 3JN,51.704923,-0.201589,EN6 1YT,51.698556,-0.190086
EN6 3JN,51.704923,-0.201589,EN6 1YU,51.698556,-0.190086
EN6 3JN,51.704923,-0.201589,EN6 1YW,51.698658,-0.190314
EN6 3JN,51.704923,-0.201589,EN6 1YX,51.698556,-0.190086
EN6 3JN,51.704923,-0.201589,EN6 1YY,51.698556,-0.190086
EN6 3JN,51.704923,-0.201589,EN6 1YZ,51.698556,-0.190086
EN6 3JN,51.704923,-0.201589,EN6 1ZD,51.700734,-0.183255
EN6 3JN,51.704923,-0.201589,EN6 1ZE,51.698556,-0.190086
EN6 3JN,51.704923,-0.201589,EN6 1ZF,51.698556,-0.190086
EN6 3JN,51.704923,-0.201589,EN6 1ZG,51.698556,-0.190086
EN6 3JN,51.704923,-0.201589,EN6 1ZH,51.698556,-0.190086
EN6 3JN,51.704923,-0.201589,EN6 1ZJ,51.698556,-0.190086
EN6 3JN,51.704923,-0.201589,EN6 1ZL,51.700734,-0.183255
EN6 3JN,51.704923,-0.201589,EN6 1ZN,51.698556,-0.190086
EN6 3JN,51.704923,-0.201589,EN6 1ZP,51.700734,-0.183255
EN6 3JN,51.704923,-0.201589,EN6 1ZQ,51.698556,-0.190086
EN6 3JN,51.704923,-0.201589,EN6 1ZR,51.698556,-0.190086
EN6 3JN,51.704923,-0.201589,EN6 1ZS,51.698556,-0.190086
EN6 3JN,51.704923,-0.201589,EN6 1ZT,51.698556,-0.190086
EN6 3JN,51.704923,-0.201589,EN6 1ZU,51.700734,-0.183255
EN6 3JN,51.704923,-0.201589,EN6 1ZW,51.698658,-0.190314
EN6 3JN,51.704923,-0.201589,EN6 1ZX,51.698556,-0.190086
EN6 3JN,51.704923,-0.201589,EN6 1ZY,51.698556,-0.190086
EN6 3JN,51.704923,-0.201589,EN6 1ZZ,51.698556,-0.190086
EN6 3JN,51.704923,-0.201589,EN6 2AA,51.695698,-0.19431
EN6 3JN,51.704923,-0.201589,EN6 2AB,51.697621,-0.194826
EN6 3JN,51.704923,-0.201589,EN6 2AD,51.699404,-0.196116
EN6 3JN,51.704923,-0.201589,EN6 2AE,51.69936,-0.196484
EN6 3JN,51.704923,-0.201589,EN6 2AF,51.69802,-0.196185
EN6 3JN,51.704923,-0.201589,EN6 2AG,51.698629,-0.197174
EN6 3JN,51.704923,-0.201589,EN6 2AH,51.692954,-0.191279
EN6 3JN,51.704923,-0.201589,EN6 2AJ,51.698556,-0.190086
EN6 3JN,51.704923,-0.201589,EN6 2AL,51.693819,-0.191433
EN6 3JN,51.704923,-0.201589,EN6 2AN,51.694615,-0.191406
EN6 3JN,51.704923,-0.201589,EN6 2AP,51.694577,-0.195642
EN6 3JN,51.704923,-0.201589,EN6 2AQ,51.698223,-0.197132
EN6 3JN,51.704923,-0.201589,EN6 2AR,51.693202,-0.197491
EN6 3JN,51.704923,-0.201589,EN6 2AS,51.695784,-0.19461
EN6 3JN,51.704923,-0.201589,EN6 2AT,51.696787,-0.196089
EN6 3JN,51.704923,-0.201589,EN6 2AU,51.696706,-0.1967
EN6 3JN,51.704923,-0.201589,EN6 2AW,51.694166,-0.191187
EN6 3JN,51.704923,-0.201589,EN6 2AX,51.698152,-0.199494
EN6 3JN,51.704923,-0.201589,EN6 2AY,51.698102,-0.198034
EN6 3JN,51.704923,-0.201589,EN6 2AZ,51.694649,-0.204804
EN6 3JN,51.704923,-0.201589,EN6 2BA,51.699803,-0.199312
EN6 3JN,51.704923,-0.201589,EN6 2BB,51.699406,-0.198055
EN6 3JN,51.704923,-0.201589,EN6 2BD,51.70076,-0.197769
EN6 3JN,51.704923,-0.201589,EN6 2BE,51.701353,-0.198325
EN6 3JN,51.704923,-0.201589,EN6 2BG,51.698556,-0.190086
EN6 3JN,51.704923,-0.201589,EN6 2BN,51.69165,-0.201213
EN6 3JN,51.704923,-0.201589,EN6 2BP,51.689729,-0.200262
EN6 3JN,51.704923,-0.201589,EN6 2BQ,51.695668,-0.19528
EN6 3JN,51.704923,-0.201589,EN6 2BS,51.689341,-0.200784
EN6 3JN,51.704923,-0.201589,EN6 2BU,51.690744,-0.2008
EN6 3JN,51.704923,-0.201589,EN6 2BW,51.691929,-0.200652
EN6 3JN,51.704923,-0.201589,EN6 2BX,51.691578,-0.202417
EN6 3JN,51.704923,-0.201589,EN6 2BZ,51.691381,-0.204233
EN6 3JN,51.704923,-0.201589,EN6 2DA,51.692324,-0.204181
EN6 3JN,51.704923,-0.201589,EN6 2DB,51.692314,-0.205561
EN6 3JN,51.704923,-0.201589,EN6 2DD,51.692347,-0.206264
EN6 3JN,51.704923,-0.201589,EN6 2DE,51.69334,-0.205299
EN6 3JN,51.704923,-0.201589,EN6 2DF,51.693178,-0.204712
EN6 3JN,51.704923,-0.201589,EN6 2DG,51.693403,-0.202996
EN6 3JN,51.704923,-0.201589,EN6 2DH,51.693088,-0.204151
EN6 3JN,51.704923,-0.201589,EN6 2DJ,51.6949,-0.203848
EN6 3JN,51.704923,-0.201589,EN6 2DL,51.696062,-0.203353
EN6 3JN,51.704923,-0.201589,EN6 2DN,51.697066,-0.203154
EN6 3JN,51.704923,-0.201589,EN6 2DP,51.697376,-0.202274
EN6 3JN,51.704923,-0.201589,EN6 2DQ,51.692392,-0.202746
EN6 3JN,51.704923,-0.201589,EN6 2DR,51.695271,-0.20282
EN6 3JN,51.704923,-0.201589,EN6 2DS,51.694224,-0.203759
EN6 3JN,51.704923,-0.201589,EN6 2DT,51.693598,-0.214323
EN6 3JN,51.704923,-0.201589,EN6 2DU,51.690846,-0.206859
EN6 3JN,51.704923,-0.201589,EN6 2DW,51.698155,-0.202069
EN6 3JN,51.704923,-0.201589,EN6 2DX,51.691343,-0.207041
EN6 3JN,51.704923,-0.201589,EN6 2DY,51.697683,-0.202956
EN6 3JN,51.704923,-0.201589,EN6 2DZ,51.694543,-0.194659
EN6 3JN,51.704923,-0.201589,EN6 2EA,51.69446,-0.19391
EN6 3JN,51.704923,-0.201589,EN6 2EB,51.693409,-0.195139
EN6 3JN,51.704923,-0.201589,EN6 2ED,51.692249,-0.19517
EN6 3JN,51.704923,-0.201589,EN6 2EE,51.691753,-0.19328
EN6 3JN,51.704923,-0.201589,EN6 2EF,51.691055,-0.191181
EN6 3JN,51.704923,-0.201589,EN6 2EG,51.691412,-0.195102
EN6 3JN,51.704923,-0.201589,EN6 2EH,51.691098,-0.196301
EN6 3JN,51.704923,-0.201589,EN6 2EJ,51.698556,-0.190086
EN6 3JN,51.704923,-0.201589,EN6 2EL,51.690491,-0.194242
EN6 3JN,51.704923,-0.201589,EN6 2EN,51.689707,-0.192407
EN6 3JN,51.704923,-0.201589,EN6 2EP,51.690963,-0.198352
EN6 3JN,51.704923,-0.201589,EN6 2EQ,51.692023,-0.196814
EN6 3JN,51.704923,-0.201589,EN6 2ER,51.690295,-0.197346
EN6 3JN,51.704923,-0.201589,EN6 2ES,51.690153,-0.198625
EN6 3JN,51.704923,-0.201589,EN6 2ET,51.69058,-0.19949
EN6 3JN,51.704923,-0.201589,EN6 2EU,51.691368,-0.198692
EN6 3JN,51.704923,-0.201589,EN6 2EW,51.689645,-0.195997
EN6 3JN,51.704923,-0.201589,EN6 2EX,51.69271,-0.197033
EN6 3JN,51.704923,-0.201589,EN6 2EY,51.698556,-0.190086
EN6 3JN,51.704923,-0.201589,EN6 2EZ,51.698556,-0.190086
EN6 3JN,51.704923,-0.201589,EN6 2HA,51.694763,-0.194289
EN6 3JN,51.704923,-0.201589,EN6 2HD,51.69364,-0.187359
EN6 3JN,51.704923,-0.201589,EN6 2HE,51.692946,-0.186693
EN6 3JN,51.704923,-0.201589,EN6 2HF,51.693372,-0.18548
EN6 3JN,51.704923,-0.201589,EN6 2HG,51.694763,-0.194289
EN6 3JN,51.704923,-0.201589,EN6 2HJ,51.69656,-0.194217
EN6 3JN,51.704923,-0.201589,EN6 2HL,51.698556,-0.190086
EN6 3JN,51.704923,-0.201589,EN6 2HN,51.696686,-0.194227
EN6 3JN,51.704923,-0.201589,EN6 2HP,51.695661,-0.194253
EN6 3JN,51.704923,-0.201589,EN6 2HQ,51.695661,-0.194253
EN6 3JN,51.704923,-0.201589,EN6 2HR,51.695661,-0.194253
EN6 3JN,51.704923,-0.201589,EN6 2HS,51.695998,-0.192171
EN6 3JN,51.704923,-0.201589,EN6 2HT,51.695467,-0.193914
EN6 3JN,51.704923,-0.201589,EN6 2HU,51.695054,-0.193067
EN6 3JN,51.704923,-0.201589,EN6 2HW,51.695666,-0.193414
EN6 3JN,51.704923,-0.201589,EN6 2HX,51.695369,-0.193083
EN6 3JN,51.704923,-0.201589,EN6 2HY,51.695131,-0.191959
EN6 3JN,51.704923,-0.201589,EN6 2HZ,51.69578,-0.192613
EN6 3JN,51.704923,-0.201589,EN6 2JA,51.695708,-0.193788
EN6 3JN,51.704923,-0.201589,EN6 2JB,51.698424,-0.198484
EN6 3JN,51.704923,-0.201589,EN6 2JD,51.696127,-0.193835
EN6 3JN,51.704923,-0.201589,EN6 2JE,51.69445,-0.19707
EN6 3JN,51.704923,-0.201589,EN6 2JF,51.694404,-0.198485
EN6 3JN,51.704923,-0.201589,EN6 2JG,51.693433,-0.199088
EN6 3JN,51.704923,-0.201589,EN6 2JH,51.692137,-0.199588
EN6 3JN,51.704923,-0.201589,EN6 2JJ,51.693235,-0.200832
EN6 3JN,51.704923,-0.201589,EN6 2JL,51.693783,-0.202532
EN6 3JN,51.704923,-0.201589,EN6 2JN,51.695172,-0.197528
EN6 3JN,51.704923,-0.201589,EN6 2JP,51.695226,-0.198698
EN6 3JN,51.704923,-0.201589,EN6 2JQ,51.698556,-0.190086
EN6 3JN,51.704923,-0.201589,EN6 2JR,51.695298,-0.199318
EN6 3JN,51.704923,-0.201589,EN6 2JS,51.696573,-0.197994
EN6 3JN,51.704923,-0.201589,EN6 2JT,51.697139,-0.198251
EN6 3JN,51.704923,-0.201589,EN6 2JW,51.695847,-0.196995
EN6 3JN,51.704923,-0.201589,EN6 2JX,51.698556,-0.190086
EN6 3JN,51.704923,-0.201589,EN6 2JY,51.69732,-0.199787
EN6 3JN,51.704923,-0.201589,EN6 2JZ,51.69703,-0.201419
EN6 3JN,51.704923,-0.201589,EN6 2LA,51.696572,-0.200309
EN6 3JN,51.704923,-0.201589,EN6 2LB,51.696034,-0.202153
EN6 3JN,51.704923,-0.201589,EN6 2LD,51.695523,-0.201088
EN6 3JN,51.704923,-0.201589,EN6 2LE,51.694112,-0.199958
EN6 3JN,51.704923,-0.201589,EN6 2LF,51.694617,-0.20179
EN6 3JN,51.704923,-0.201589,EN6 2LG,51.695559,-0.199915
EN6 3JN,51.704923,-0.201589,EN6 2LH,51.691978,-0.188612
EN6 3JN,51.704923,-0.201589,EN6 2LL,51.693466,-0.193588
EN6 3JN,51.704923,-0.201589,EN6 2LN,51.692662,-0.190437
EN6 3JN,51.704923,-0.201589,EN6 2LP,51.692276,-0.191653
EN6 3JN,51.704923,-0.201589,EN6 2LQ,51.691012,-0.18431
EN6 3JN,51.704923,-0.201589,EN6 2LS,51.692976,-0.193048
EN6 3JN,51.704923,-0.201589,EN6 2LT,51.692868,-0.193916
EN6 3JN,51.704923,-0.201589,EN6 2LU,51.691929,-0.191899
EN6 3JN,51.704923,-0.201589,EN6 2LW,51.692508,-0.190935
EN6 3JN,51.704923,-0.201589,EN6 2LX,51.691121,-0.189659
EN6 3JN,51.704923,-0.201589,EN6 2LY,51.690897,-0.187903
EN6 3JN,51.704923,-0.201589,EN6 2LZ,51.690723,-0.188865
EN6 3JN,51.704923,-0.201589,EN6 2NA,51.689899,-0.189115
EN6 3JN,51.704923,-0.201589,EN6 2NB,51.69013,-0.187731
EN6 3JN,51.704923,-0.201589,EN6 2ND,51.689989,-0.186811
EN6 3JN,51.704923,-0.201589,EN6 2NE,51.689301,-0.187099
EN6 3JN,51.704923,-0.201589,EN6 2NF,51.690763,-0.186852
EN6 3JN,51.704923,-0.201589,EN6 2NG,51.689258,-0.185422
EN6 3JN,51.704923,-0.201589,EN6 2NH,51.687912,-0.186778
EN6 3JN,51.704923,-0.201589,EN6 2NJ,51.688887,-0.18645
EN6 3JN,51.704923,-0.201589,EN6 2NL,51.692034,-0.188176
EN6 3JN,51.704923,-0.201589,EN6 2NN,51.692922,-0.189804
EN6 3JN,51.704923,-0.201589,EN6 2NP,51.646389,-0.206329
EN6 3JN,51.704923,-0.201589,EN6 2NQ,51.688296,-0.186912
EN6 3JN,51.704923,-0.201589,EN6 2NR,51.665622,-0.199786
EN6 3JN,51.704923,-0.201589,EN6 2NS,51.69302,-0.191464
EN6 3JN,51.704923,-0.201589,EN6 2NT,51.692764,-0.181346
EN6 3JN,51.704923,-0.201589,EN6 2NU,51.693278,-0.184885
EN6 3JN,51.704923,-0.201589,EN6 2NW,51.693516,-0.191589
EN6 3JN,51.704923,-0.201589,EN6 2NX,51.693204,-0.183345
EN6 3JN,51.704923,-0.201589,EN6 2NY,51.692685,-0.183795
EN6 3JN,51.704923,-0.201589,EN6 2NZ,51.692547,-0.182382
EN6 3JN,51.704923,-0.201589,EN6 2PA,51.692235,-0.179689
EN6 3JN,51.704923,-0.201589,EN6 2PB,51.693997,-0.181355
EN6 3JN,51.704923,-0.201589,EN6 2PD,51.700726,-0.209382
EN6 3JN,51.704923,-0.201589,EN6 2PF,51.692764,-0.181346
EN6 3JN,51.704923,-0.201589,EN6 2PG,51.692764,-0.181346
EN6 3JN,51.704923,-0.201589,EN6 2PH,51.691611,-0.18174
EN6 3JN,51.704923,-0.201589,EN6 2PJ,51.691264,-0.182593
EN6 3JN,51.704923,-0.201589,EN6 2PL,51.69096,-0.181549
EN6 3JN,51.704923,-0.201589,EN6 2PN,51.690134,-0.181625
EN6 3JN,51.704923,-0.201589,EN6 2PP,51.690625,-0.182532
EN6 3JN,51.704923,-0.201589,EN6 2PQ,51.692237,-0.18157
EN6 3JN,51.704923,-0.201589,EN6 2PR,51.691243,-0.184113
EN6 3JN,51.704923,-0.201589,EN6 2PS,51.691507,-0.183784
EN6 3JN,51.704923,-0.201589,EN6 2PT,51.691693,-0.18301
EN6 3JN,51.704923,-0.201589,EN6 2PU,51.69204,-0.183329
EN6 3JN,51.704923,-0.201589,EN6 2PW,51.68978,-0.18286
EN6 3JN,51.704923,-0.201589,EN6 2PX,51.692264,-0.182726
EN6 3JN,51.704923,-0.201589,EN6 2PY,51.692228,-0.183842
EN6 3JN,51.704923,-0.201589,EN6 2PZ,51.690974,-0.184211
EN6 3JN,51.704923,-0.201589,EN6 2QA,51.691855,-0.184146
EN6 3JN,51.704923,-0.201589,EN6 2QB,51.692014,-0.184589
EN6 3JN,51.704923,-0.201589,EN6 2QD,51.689145,-0.182215
EN6 3JN,51.704923,-0.201589,EN6 2QE,51.689245,-0.181097
EN6 3JN,51.704923,-0.201589,EN6 2QF,51.688953,-0.179662
EN6 3JN,51.704923,-0.201589,EN6 2QG,51.688629,-0.180268
EN6 3JN,51.704923,-0.201589,EN6 2QH,51.690071,-0.179863
EN6 3JN,51.704923,-0.201589,EN6 2QJ,51.6907,-0.180431
EN6 3JN,51.704923,-0.201589,EN6 2QL,51.691752,-0.17981
EN6 3JN,51.704923,-0.201589,EN6 2QN,51.691012,-0.18431
EN6 3JN,51.704923,-0.201589,EN6 2QP,51.69302,-0.191464
EN6 3JN,51.704923,-0.201589,EN6 2QQ,51.689349,-0.179704
EN6 3JN,51.704923,-0.201589,EN6 2QR,51.690945,-0.179972
EN6 3JN,51.704923,-0.201589,EN6 2QS,51.691556,-0.178506
EN6 3JN,51.704923,-0.201589,EN6 2QT,51.691769,-0.178594
EN6 3JN,51.704923,-0.201589,EN6 2QU,51.691,-0.178292
EN6 3JN,51.704923,-0.201589,EN6 2QW,51.692764,-0.181346
EN6 3JN,51.704923,-0.201589,EN6 2QX,51.691669,-0.179133
EN6 3JN,51.704923,-0.201589,EN6 2QY,51.690342,-0.179389
EN6 3JN,51.704923,-0.201589,EN6 2QZ,51.690046,-0.180009
EN6 3JN,51.704923,-0.201589,EN6 2RA,51.690573,-0.17775
EN6 3JN,51.704923,-0.201589,EN6 2RB,51.69014,-0.178529
EN6 3JN,51.704923,-0.201589,EN6 2RD,51.689217,-0.178132
EN6 3JN,51.704923,-0.201589,EN6 2RE,51.689648,-0.179258
EN6 3JN,51.704923,-0.201589,EN6 2RF,51.68991,-0.177048
EN6 3JN,51.704923,-0.201589,EN6 2RG,51.688934,-0.177304
EN6 3JN,51.704923,-0.201589,EN6 2RH,51.689059,-0.176098
EN6 3JN,51.704923,-0.201589,EN6 2RJ,51.689037,-0.174667
EN6 3JN,51.704923,-0.201589,EN6 2RL,51.688682,-0.177835
EN6 3JN,51.704923,-0.201589,EN6 2RN,51.688542,-0.178723
EN6 3JN,51.704923,-0.201589,EN6 2RP,51.687939,-0.177474
EN6 3JN,51.704923,-0.201589,EN6 2RQ,51.688204,-0.177189
EN6 3JN,51.704923,-0.201589,EN6 2RR,51.68828,-0.175739
EN6 3JN,51.704923,-0.201589,EN6 2RS,51.688096,-0.173721
EN6 3JN,51.704923,-0.201589,EN6 2RT,51.687576,-0.1738
EN6 3JN,51.704923,-0.201589,EN6 2RU,51.687776,-0.174501
EN6 3JN,51.704923,-0.201589,EN6 2RW,51.689334,-0.177563
EN6 3JN,51.704923,-0.201589,EN6 2RX,51.687922,-0.175811
EN6 3JN,51.704923,-0.201589,EN6 2RY,51.687184,-0.177519
EN6 3JN,51.704923,-0.201589,EN6 2RZ,51.685908,-0.177556
EN6 3JN,51.704923,-0.201589,EN6 2SA,51.686973,-0.176645
EN6 3JN,51.704923,-0.201589,EN6 2SB,51.686407,-0.177261
EN6 3JN,51.704923,-0.201589,EN6 2SE,51.686132,-0.17869
EN6 3JN,51.704923,-0.201589,EN6 2SG,51.685368,-0.178142
EN6 3JN,51.704923,-0.201589,EN6 2SH,51.685398,-0.179457
EN6 3JN,51.704923,-0.201589,EN6 2SJ,51.68412,-0.181509
EN6 3JN,51.704923,-0.201589,EN6 2SL,51.685553,-0.180189
EN6 3JN,51.704923,-0.201589,EN6 2SP,51.690314,-0.200933
EN6 3JN,51.704923,-0.201589,EN6 2SQ,51.682945,-0.174362
EN6 3JN,51.704923,-0.201589,EN6 2SW,51.690025,-0.196706
EN6 3JN,51.704923,-0.201589,EN6 2TA,51.698556,-0.190086
EN6 3JN,51.704923,-0.201589,EN6 2TB,51.682945,-0.174362
EN6 3JN,51.704923,-0.201589,EN6 2TD,51.698556,-0.190086
EN6 3JN,51.704923,-0.201589,EN6 2TE,51.692954,-0.191279
EN6 3JN,51.704923,-0.201589,EN6 2TF,51.698556,-0.190086
EN6 3JN,51.704923,-0.201589,EN6 2WA,51.698556,-0.190086
EN6 3JN,51.704923,-0.201589,EN6 2WB,51.698658,-0.190314
EN6 3JN,51.704923,-0.201589,EN6 2WD,51.698556,-0.190086
EN6 3JN,51.704923,-0.201589,EN6 2WE,51.698556,-0.190086
EN6 3JN,51.704923,-0.201589,EN6 2WF,51.698556,-0.190086
EN6 3JN,51.704923,-0.201589,EN6 2WG,51.698556,-0.190086
EN6 3JN,51.704923,-0.201589,EN6 2WQ,51.698556,-0.190086
EN6 3JN,51.704923,-0.201589,EN6 2WX,51.698556,-0.190086
EN6 3JN,51.704923,-0.201589,EN6 2WY,51.698556,-0.190086
EN6 3JN,51.704923,-0.201589,EN6 2WZ,51.692954,-0.191279
EN6 3JN,51.704923,-0.201589,EN6 2XA,51.698556,-0.190086
EN6 3JN,51.704923,-0.201589,EN6 2XB,51.698662,-0.19029
EN6 3JN,51.704923,-0.201589,EN6 2XD,51.698658,-0.190314
EN6 3JN,51.704923,-0.201589,EN6 2XN,51.698556,-0.190086
EN6 3JN,51.704923,-0.201589,EN6 2XP,51.698556,-0.190086
EN6 3JN,51.704923,-0.201589,EN6 2XQ,51.698556,-0.190086
EN6 3JN,51.704923,-0.201589,EN6 2XZ,51.698556,-0.190086
EN6 3JN,51.704923,-0.201589,EN6 2YN,51.698556,-0.190086
EN6 3JN,51.704923,-0.201589,EN6 2ZD,51.69302,-0.191464
EN6 3JN,51.704923,-0.201589,EN6 2ZE,51.69302,-0.191464
EN6 3JN,51.704923,-0.201589,EN6 2ZF,51.69302,-0.191464
EN6 3JN,51.704923,-0.201589,EN6 2ZG,51.698556,-0.190086
EN6 3JN,51.704923,-0.201589,EN6 2ZH,51.698658,-0.190314
EN6 3JN,51.704923,-0.201589,EN6 2ZJ,51.69302,-0.191464
EN6 3JN,51.704923,-0.201589,EN6 2ZL,51.698556,-0.190086
EN6 3JN,51.704923,-0.201589,EN6 2ZN,51.69302,-0.191464
EN6 3JN,51.704923,-0.201589,EN6 2ZP,51.69302,-0.191464
EN6 3JN,51.704923,-0.201589,EN6 2ZQ,51.69302,-0.191464
EN6 3JN,51.704923,-0.201589,EN6 2ZR,51.69302,-0.191464
EN6 3JN,51.704923,-0.201589,EN6 2ZS,51.69302,-0.191464
EN6 3JN,51.704923,-0.201589,EN6 2ZT,51.698556,-0.190086
EN6 3JN,51.704923,-0.201589,EN6 2ZW,51.698556,-0.190086
EN6 3JN,51.704923,-0.201589,EN6 2ZX,51.69302,-0.191464
EN6 3JN,51.704923,-0.201589,EN6 2ZY,51.69302,-0.191464
EN6 3JN,51.704923,-0.201589,EN6 2ZZ,51.698556,-0.190086
EN6 3JN,51.704923,-0.201589,EN6 3AA,51.699832,-0.202943
EN6 3JN,51.704923,-0.201589,EN6 3AB,51.700958,-0.203651
EN6 3JN,51.704923,-0.201589,EN6 3AD,51.701342,-0.201104
EN6 3JN,51.704923,-0.201589,EN6 3AE,51.701949,-0.199097
EN6 3JN,51.704923,-0.201589,EN6 3AF,51.702857,-0.201434
EN6 3JN,51.704923,-0.201589,EN6 3AG,51.702019,-0.200686
EN6 3JN,51.704923,-0.201589,EN6 3AH,51.701184,-0.204337
EN6 3JN,51.704923,-0.201589,EN6 3AJ,51.703022,-0.203946
EN6 3JN,51.704923,-0.201589,EN6 3AL,51.703028,-0.205538
EN6 3JN,51.704923,-0.201589,EN6 3AN,51.698352,-0.212046
EN6 3JN,51.704923,-0.201589,EN6 3AP,51.698352,-0.212046
EN6 3JN,51.704923,-0.201589,EN6 3AQ,51.702934,-0.202951
EN6 3JN,51.704923,-0.201589,EN6 3AR,51.7004,-0.207176
EN6 3JN,51.704923,-0.201589,EN6 3AS,51.698978,-0.202398
EN6 3JN,51.704923,-0.201589,EN6 3AT,51.7,-0.205079
EN6 3JN,51.704923,-0.201589,EN6 3AU,51.700778,-0.20308
EN6 3JN,51.704923,-0.201589,EN6 3AW,51.698182,-0.212096
EN6 3JN,51.704923,-0.201589,EN6 3AX,51.700559,-0.207531
EN6 3JN,51.704923,-0.201589,EN6 3AY,51.700469,-0.207535
EN6 3JN,51.704923,-0.201589,EN6 3AZ,51.700708,-0.207887
EN6 3JN,51.704923,-0.201589,EN6 3BA,51.700985,-0.208961
EN6 3JN,51.704923,-0.201589,EN6 3BB,51.701266,-0.211483
EN6 3JN,51.704923,-0.201589,EN6 3BD,51.701168,-0.214227
EN6 3JN,51.704923,-0.201589,EN6 3BE,51.700225,-0.215156
EN6 3JN,51.704923,-0.201589,EN6 3BF,51.698191,-0.212082
EN6 3JN,51.704923,-0.201589,EN6 3BG,51.700201,-0.215669
EN6 3JN,51.704923,-0.201589,EN6 3BH,51.700412,-0.216529
EN6 3JN,51.704923,-0.201589,EN6 3BJ,51.70143,-0.208978
EN6 3JN,51.704923,-0.201589,EN6 3BL,51.705281,-0.212323
EN6 3JN,51.704923,-0.201589,EN6 3BN,51.700923,-0.205192
EN6 3JN,51.704923,-0.201589,EN6 3BP,51.699368,-0.201129
EN6 3JN,51.704923,-0.201589,EN6 3BQ,51.698191,-0.212082
EN6 3JN,51.704923,-0.201589,EN6 3BS,51.699597,-0.201708
EN6 3JN,51.704923,-0.201589,EN6 3BT,51.699411,-0.204234
EN6 3JN,51.704923,-0.201589,EN6 3BU,51.698352,-0.212046
EN6 3JN,51.704923,-0.201589,EN6 3BW,51.701428,-0.207366
EN6 3JN,51.704923,-0.201589,EN6 3BX,51.699901,-0.206848
EN6 3JN,51.704923,-0.201589,EN6 3BY,51.700169,-0.207937
EN6 3JN,51.704923,-0.201589,EN6 3BZ,51.699496,-0.208644
EN6 3JN,51.704923,-0.201589,EN6 3DA,51.700345,-0.208008
EN6 3JN,51.704923,-0.201589,EN6 3DB,51.700574,-0.208558
EN6 3JN,51.704923,-0.201589,EN6 3DD,51.70005,-0.21017
EN6 3JN,51.704923,-0.201589,EN6 3DE,51.700471,-0.21244
EN6 3JN,51.704923,-0.201589,EN6 3DF,51.700416,-0.209953
EN6 3JN,51.704923,-0.201589,EN6 3DG,51.700705,-0.211838
EN6 3JN,51.704923,-0.201589,EN6 3DH,51.699281,-0.210134
EN6 3JN,51.704923,-0.201589,EN6 3DJ,51.699753,-0.212526
EN6 3JN,51.704923,-0.201589,EN6 3DL,51.700566,-0.213956
EN6 3JN,51.704923,-0.201589,EN6 3DN,51.700334,-0.213459
EN6 3JN,51.704923,-0.201589,EN6 3DP,51.699109,-0.212754
EN6 3JN,51.704923,-0.201589,EN6 3DQ,51.705977,-0.204943
EN6 3JN,51.704923,-0.201589,EN6 3DR,51.70031,-0.204198
EN6 3JN,51.704923,-0.201589,EN6 3DS,51.698556,-0.190086
EN6 3JN,51.704923,-0.201589,EN6 3DT,51.685604,-0.224064
EN6 3JN,51.704923,-0.201589,EN6 3DU,51.698311,-0.208184
EN6 3JN,51.704923,-0.201589,EN6 3DW,51.700702,-0.207806
EN6 3JN,51.704923,-0.201589,EN6 3DX,51.697251,-0.208197
EN6 3JN,51.704923,-0.201589,EN6 3DY,51.696251,-0.208092
EN6 3JN,51.704923,-0.201589,EN6 3DZ,51.697829,-0.210142
EN6 3JN,51.704923,-0.201589,EN6 3EA,51.698245,-0.210328
EN6 3JN,51.704923,-0.201589,EN6 3EB,51.69861,-0.211819
EN6 3JN,51.704923,-0.201589,EN6 3ED,51.696822,-0.210153
EN6 3JN,51.704923,-0.201589,EN6 3EE,51.704198,-0.200904
EN6 3JN,51.704923,-0.201589,EN6 3EF,51.704198,-0.200904
EN6 3JN,51.704923,-0.201589,EN6 3EG,51.697554,-0.211586
EN6 3JN,51.704923,-0.201589,EN6 3EH,51.695472,-0.208012
EN6 3JN,51.704923,-0.201589,EN6 3EJ,51.698191,-0.212082
EN6 3JN,51.704923,-0.201589,EN6 3EL,51.700653,-0.201912
EN6 3JN,51.704923,-0.201589,EN6 3EN,51.700581,-0.202523
EN6 3JN,51.704923,-0.201589,EN6 3EP,51.698556,-0.190086
EN6 3JN,51.704923,-0.201589,EN6 3EQ,51.696803,-0.210125
EN6 3JN,51.704923,-0.201589,EN6 3ER,51.704162,-0.200919
EN6 3JN,51.704923,-0.201589,EN6 3ES,51.698838,-0.203229
EN6 3JN,51.704923,-0.201589,EN6 3ET,51.69934,-0.205452
EN6 3JN,51.704923,-0.201589,EN6 3EU,51.699109,-0.207386
EN6 3JN,51.704923,-0.201589,EN6 3EW,51.698352,-0.212046
EN6 3JN,51.704923,-0.201589,EN6 3EX,51.698925,-0.205382
EN6 3JN,51.704923,-0.201589,EN6 3EY,51.698094,-0.203938
EN6 3JN,51.704923,-0.201589,EN6 3EZ,51.698028,-0.205518
EN6 3JN,51.704923,-0.201589,EN6 3GZ,51.693196,-0.208594
EN6 3JN,51.704923,-0.201589,EN6 3HA,51.697157,-0.206161
EN6 3JN,51.704923,-0.201589,EN6 3HB,51.697038,-0.206657
EN6 3JN,51.704923,-0.201589,EN6 3HD,51.698566,-0.206582
EN6 3JN,51.704923,-0.201589,EN6 3HE,51.695822,-0.204766
EN6 3JN,51.704923,-0.201589,EN6 3HF,51.695679,-0.206595
EN6 3JN,51.704923,-0.201589,EN6 3HG,51.69474,-0.206328
EN6 3JN,51.704923,-0.201589,EN6 3HH,51.694573,-0.207145
EN6 3JN,51.704923,-0.201589,EN6 3HJ,51.693976,-0.208081
EN6 3JN,51.704923,-0.201589,EN6 3HL,51.693697,-0.206312
EN6 3JN,51.704923,-0.201589,EN6 3HN,51.693476,-0.205973
EN6 3JN,51.704923,-0.201589,EN6 3HP,51.694014,-0.20739
EN6 3JN,51.704923,-0.201589,EN6 3HQ,51.694069,-0.205101
EN6 3JN,51.704923,-0.201589,EN6 3HR,51.694791,-0.208806
EN6 3JN,51.704923,-0.201589,EN6 3HS,51.696965,-0.204229
EN6 3JN,51.704923,-0.201589,EN6 3HT,51.695298,-0.206335
EN6 3JN,51.704923,-0.201589,EN6 3HU,51.693957,-0.210411
EN6 3JN,51.704923,-0.201589,EN6 3HW,51.692881,-0.207617
EN6 3JN,51.704923,-0.201589,EN6 3HX,51.695289,-0.209273
EN6 3JN,51.704923,-0.201589,EN6 3HY,51.693523,-0.209348
EN6 3JN,51.704923,-0.201589,EN6 3HZ,51.69522,-0.210057
EN6 3JN,51.704923,-0.201589,EN6 3JA,51.693815,-0.209953
EN6 3JN,51.704923,-0.201589,EN6 3JB,51.705374,-0.200784
EN6 3JN,51.704923,-0.201589,EN6 3JD,51.698556,-0.190086
EN6 3JN,51.704923,-0.201589,EN6 3JE,51.703816,-0.202974
EN6 3JN,51.704923,-0.201589,EN6 3JF,51.704556,-0.20196
EN6 3JN,51.704923,-0.201589,EN6 3JG,51.705702,-0.203984
EN6 3JN,51.704923,-0.201589,EN6 3JH,51.706772,-0.202249
EN6 3JN,51.704923,-0.201589,EN6 3JJ,51.698556,-0.190086
EN6 3JN,51.704923,-0.201589,EN6 3JL,51.705069,-0.200527
EN6 3JN,51.704923,-0.201589,EN6 3JN,51.704923,-0.201589
EN6 3JN,51.704923,-0.201589,EN6 3JP,51.703904,-0.204056
EN6 3JN,51.704923,-0.201589,EN6 3JQ,51.698556,-0.190086
EN6 3JN,51.704923,-0.201589,EN6 3JR,51.7063,-0.202852
EN6 3JN,51.704923,-0.201589,EN6 3JS,51.703904,-0.204056
EN6 3JN,51.704923,-0.201589,EN6 3JT,51.698556,-0.190086
EN6 3JN,51.704923,-0.201589,EN6 3JU,51.703904,-0.204056
EN6 3JN,51.704923,-0.201589,EN6 3JW,51.697963,-0.192512
EN6 3JN,51.704923,-0.201589,EN6 3JX,51.703904,-0.204056
EN6 3JN,51.704923,-0.201589,EN6 3JZ,51.703882,-0.202609
EN6 3JN,51.704923,-0.201589,EN6 3LD,51.688922,-0.237765
EN6 3JN,51.704923,-0.201589,EN6 3LE,51.68834,-0.245181
EN6 3JN,51.704923,-0.201589,EN6 3LF,51.686208,-0.236993
EN6 3JN,51.704923,-0.201589,EN6 3LG,51.686203,-0.237003
EN6 3JN,51.704923,-0.201589,EN6 3LH,51.688492,-0.246289
EN6 3JN,51.704923,-0.201589,EN6 3LJ,51.689708,-0.242871
EN6 3JN,51.704923,-0.201589,EN6 3LL,51.689764,-0.241783
EN6 3JN,51.704923,-0.201589,EN6 3LN,51.689169,-0.243499
EN6 3JN,51.704923,-0.201589,EN6 3LP,51.689405,-0.24485
EN6 3JN,51.704923,-0.201589,EN6 3LQ,51.69802,-0.234662
EN6 3JN,51.704923,-0.201589,EN6 3LR,51.690678,-0.245486
EN6 3JN,51.704923,-0.201589,EN6 3LS,51.694281,-0.247382
EN6 3JN,51.704923,-0.201589,EN6 3LT,51.693817,-0.241033
EN6 3JN,51.704923,-0.201589,EN6 3LU,51.695031,-0.246456
EN6 3JN,51.704923,-0.201589,EN6 3LW,51.688382,-0.246515
EN6 3JN,51.704923,-0.201589,EN6 3LX,51.696548,-0.254404
EN6 3JN,51.704923,-0.201589,EN6 3LY,51.693863,-0.259827
EN6 3JN,51.704923,-0.201589,EN6 3LZ,51.702891,-0.254594
EN6 3JN,51.704923,-0.201589,EN6 3NA,51.709914,-0.254941
EN6 3JN,51.704923,-0.201589,EN6 3NB,51.704608,-0.239211
EN6 3JN,51.704923,-0.201589,EN6 3ND,51.685216,-0.222199
EN6 3JN,51.704923,-0.201589,EN6 3NE,51.689421,-0.224079
EN6 3JN,51.704923,-0.201589,EN6 3NF,51.696277,-0.234745
EN6 3JN,51.704923,-0.201589,EN6 3NG,51.688822,-0.223996
EN6 3JN,51.704923,-0.201589,EN6 3NH,51.690346,-0.224607
EN6 3JN,51.704923,-0.201589,EN6 3NJ,51.706886,-0.222753
EN6 3JN,51.704923,-0.201589,EN6 3NL,51.704613,-0.219875
EN6 3JN,51.704923,-0.201589,EN6 3NN,51.703849,-0.219341
EN6 3JN,51.704923,-0.201589,EN6 3NP,51.686417,-0.225831
EN6 3JN,51.704923,-0.201589,EN6 3NQ,51.690896,-0.224349
EN6 3JN,51.704923,-0.201589,EN6 3NR,51.698556,-0.190086
EN6 3JN,51.704923,-0.201589,EN6 3NS,51.685388,-0.222293
EN6 3JN,51.704923,-0.201589,EN6 3NT,51.698199,-0.23043
EN6 3JN,51.704923,-0.201589,EN6 3NU,51.691644,-0.228631
EN6 3JN,51.704923,-0.201589,EN6 3NW,51.703153,-0.217299
EN6 3JN,51.704923,-0.201589,EN6 3NX,51.693232,-0.232308
EN6 3JN,51.704923,-0.201589,EN6 3NY,51.690365,-0.236291
EN6 3JN,51.704923,-0.201589,EN6 3NZ,51.691742,-0.234854
EN6 3JN,51.704923,-0.201589,EN6 3PA,51.692683,-0.233177
EN6 3JN,51.704923,-0.201589,EN6 3PB,51.690555,-0.231876
EN6 3JN,51.704923,-0.201589,EN6 3PD,51.694458,-0.233383
EN6 3JN,51.704923,-0.201589,EN6 3PE,51.695326,-0.232819
EN6 3JN,51.704923,-0.201589,EN6 3PF,51.692389,-0.234505
EN6 3JN,51.704923,-0.201589,EN6 3PG,51.693287,-0.233848
EN6 3JN,51.704923,-0.201589,EN6 3PH,51.697752,-0.234461
EN6 3JN,51.704923,-0.201589,EN6 3PJ,51.697965,-0.2352
EN6 3JN,51.704923,-0.201589,EN6 3PL,51.697247,-0.233462
EN6 3JN,51.704923,-0.201589,EN6 3PN,51.686417,-0.225831
EN6 3JN,51.704923,-0.201589,EN6 3PP,51.692155,-0.226475
EN6 3JN,51.704923,-0.201589,EN6 3PQ,51.695144,-0.234167
EN6 3JN,51.704923,-0.201589,EN6 3PR,51.698049,-0.234184
EN6 3JN,51.704923,-0.201589,EN6 3PS,51.699133,-0.235154
EN6 3JN,51.704923,-0.201589,EN6 3PT,51.698193,-0.231834
EN6 3JN,51.704923,-0.201589,EN6 3PU,51.697921,-0.232843
EN6 3JN,51.704923,-0.201589,EN6 3PW,51.694114,-0.228786
EN6 3JN,51.704923,-0.201589,EN6 3PX,51.697446,-0.231776
EN6 3JN,51.704923,-0.201589,EN6 3PY,51.697747,-0.233269
EN6 3JN,51.704923,-0.201589,EN6 3PZ,51.694316,-0.228431
EN6 3JN,51.704923,-0.201589,EN6 3QA,51.69118,-0.223513
EN6 3JN,51.704923,-0.201589,EN6 3QB,51.693029,-0.218252
EN6 3JN,51.704923,-0.201589,EN6 3QD,51.69349,-0.233609
EN6 3JN,51.704923,-0.201589,EN6 3QE,51.698313,-0.23086
EN6 3JN,51.704923,-0.201589,EN6 3QG,51.688383,-0.240853
EN6 3JN,51.704923,-0.201589,EN6 3QH,51.698556,-0.190086
EN6 3JN,51.704923,-0.201589,EN6 3QJ,51.697175,-0.23471
EN6 3JN,51.704923,-0.201589,EN6 3QL,51.70386,-0.201163
EN6 3JN,51.704923,-0.201589,EN6 3QN,51.704045,-0.199694
EN6 3JN,51.704923,-0.201589,EN6 3QP,51.70386,-0.201163
EN6 3JN,51.704923,-0.201589,EN6 3QQ,51.687531,-0.221891
EN6 3JN,51.704923,-0.201589,EN6 3QR,51.70386,-0.201163
EN6 3JN,51.704923,-0.201589,EN6 3QS,51.70386,-0.201163
EN6 3JN,51.704923,-0.201589,EN6 3QT,51.70386,-0.201163
EN6 3JN,51.704923,-0.201589,EN6 3QU,51.70386,-0.201163
EN6 3JN,51.704923,-0.201589,EN6 3QW,51.703752,-0.199373
EN6 3JN,51.704923,-0.201589,EN6 3QX,51.70386,-0.201163
EN6 3JN,51.704923,-0.201589,EN6 3QY,51.698191,-0.212082
EN6 3JN,51.704923,-0.201589,EN6 3QZ,51.70386,-0.201163
EN6 3JN,51.704923,-0.201589,EN6 3RA,51.70386,-0.201163
EN6 3JN,51.704923,-0.201589,EN6 3RH,51.698352,-0.212046
EN6 3JN,51.704923,-0.201589,EN6 3SB,51.698556,-0.190086
EN6 3JN,51.704923,-0.201589,EN6 3WA,51.698556,-0.190086
EN6 3JN,51.704923,-0.201589,EN6 3WB,51.698556,-0.190086
EN6 3JN,51.704923,-0.201589,EN6 3WG,51.698556,-0.190086
EN6 3JN,51.704923,-0.201589,EN6 3WX,51.698556,-0.190086
EN6 3JN,51.704923,-0.201589,EN6 3WY,51.698556,-0.190086
EN6 3JN,51.704923,-0.201589,EN6 3WZ,51.698556,-0.190086
EN6 3JN,51.704923,-0.201589,EN6 3XQ,51.698556,-0.190086
EN6 3JN,51.704923,-0.201589,EN6 3XZ,51.698556,-0.190086
EN6 3JN,51.704923,-0.201589,EN6 3YT,51.698556,-0.190086
EN6 3JN,51.704923,-0.201589,EN6 3YZ,51.698556,-0.190086
EN6 3JN,51.704923,-0.201589,EN6 3ZD,51.70386,-0.201163
EN6 3JN,51.704923,-0.201589,EN6 3ZF,51.698556,-0.190086
EN6 3JN,51.704923,-0.201589,EN6 3ZG,51.698556,-0.190086
EN6 3JN,51.704923,-0.201589,EN6 3ZH,51.698556,-0.190086
EN6 3JN,51.704923,-0.201589,EN6 3ZJ,51.703753,-0.199474
EN6 3JN,51.704923,-0.201589,EN6 3ZL,51.698556,-0.190086
EN6 3JN,51.704923,-0.201589,EN6 3ZN,51.698352,-0.212046
EN6 3JN,51.704923,-0.201589,EN6 3ZP,51.698396,-0.211987
EN6 3JN,51.704923,-0.201589,EN6 3ZQ,51.698556,-0.190086
EN6 3JN,51.704923,-0.201589,EN6 3ZR,51.698352,-0.212046
EN6 3JN,51.704923,-0.201589,EN6 3ZS,51.698352,-0.212046
EN6 3JN,51.704923,-0.201589,EN6 3ZT,51.698352,-0.212046
EN6 3JN,51.704923,-0.201589,EN6 3ZU,51.70386,-0.201163
EN6 3JN,51.704923,-0.201589,EN6 3ZW,51.698352,-0.212046
EN6 3JN,51.704923,-0.201589,EN6 3ZX,51.698396,-0.211987
EN6 3JN,51.704923,-0.201589,EN6 3ZY,51.698658,-0.190314
EN6 3JN,51.704923,-0.201589,EN6 3ZZ,51.698182,-0.212096
EN6 3JN,51.704923,-0.201589,EN6 4AA,51.69971,-0.163095
EN6 3JN,51.704923,-0.201589,EN6 4AB,51.699943,-0.163635
EN6 3JN,51.704923,-0.201589,EN6 4AD,51.698646,-0.160928
EN6 3JN,51.704923,-0.201589,EN6 4AE,51.698684,-0.163599
EN6 3JN,51.704923,-0.201589,EN6 4AF,51.698885,-0.164402
EN6 3JN,51.704923,-0.201589,EN6 4AG,51.7001,-0.164425
EN6 3JN,51.704923,-0.201589,EN6 4AH,51.709886,-0.120793
EN6 3JN,51.704923,-0.201589,EN6 4AJ,51.709886,-0.120793
EN6 3JN,51.704923,-0.201589,EN6 4AL,51.709877,-0.120808
EN6 3JN,51.704923,-0.201589,EN6 4AN,51.711608,-0.114661
EN6 3JN,51.704923,-0.201589,EN6 4AP,51.711105,-0.118619
EN6 3JN,51.704923,-0.201589,EN6 4AQ,51.698556,-0.190086
EN6 3JN,51.704923,-0.201589,EN6 4AR,51.711937,-0.122334
EN6 3JN,51.704923,-0.201589,EN6 4AS,51.71339,-0.123229
EN6 3JN,51.704923,-0.201589,EN6 4AT,51.714617,-0.121195
EN6 3JN,51.704923,-0.201589,EN6 4AU,51.716141,-0.12395
EN6 3JN,51.704923,-0.201589,EN6 4AW,51.710564,-0.118584
EN6 3JN,51.704923,-0.201589,EN6 4AX,51.713866,-0.126539
EN6 3JN,51.704923,-0.201589,EN6 4AY,51.712953,-0.125708
EN6 3JN,51.704923,-0.201589,EN6 4AZ,51.709886,-0.120793
EN6 3JN,51.704923,-0.201589,EN6 4BA,51.714647,-0.128934
EN6 3JN,51.704923,-0.201589,EN6 4BB,51.714316,-0.13108
EN6 3JN,51.704923,-0.201589,EN6 4BD,51.716772,-0.136828
EN6 3JN,51.704923,-0.201589,EN6 4BE,51.716859,-0.134378
EN6 3JN,51.704923,-0.201589,EN6 4BF,51.698556,-0.190086
EN6 3JN,51.704923,-0.201589,EN6 4BG,51.717784,-0.142765
EN6 3JN,51.704923,-0.201589,EN6 4BH,51.71962,-0.148004
EN6 3JN,51.704923,-0.201589,EN6 4BJ,51.717424,-0.155317
EN6 3JN,51.704923,-0.201589,EN6 4BL,51.714829,-0.16157
EN6 3JN,51.704923,-0.201589,EN6 4BN,51.717438,-0.159674
EN6 3JN,51.704923,-0.201589,EN6 4BP,51.709453,-0.160794
EN6 3JN,51.704923,-0.201589,EN6 4BQ,51.720217,-0.143949
EN6 3JN,51.704923,-0.201589,EN6 4BS,51.71037,-0.159898
EN6 3JN,51.704923,-0.201589,EN6 4BT,51.708429,-0.158592
EN6 3JN,51.704923,-0.201589,EN6 4BU,51.715381,-0.132668
EN6 3JN,51.704923,-0.201589,EN6 4BW,51.710313,-0.159992
EN6 3JN,51.704923,-0.201589,EN6 4BX,51.698556,-0.190086
EN6 3JN,51.704923,-0.201589,EN6 4BY,51.696481,-0.150742
EN6 3JN,51.704923,-0.201589,EN6 4BZ,51.696806,-0.152244
EN6 3JN,51.704923,-0.201589,EN6 4DA,51.696323,-0.154439
EN6 3JN,51.704923,-0.201589,EN6 4DB,51.695908,-0.15228
EN6 3JN,51.704923,-0.201589,EN6 4DD,51.698558,-0.149278
EN6 3JN,51.704923,-0.201589,EN6 4DE,51.705974,-0.163449
EN6 3JN,51.704923,-0.201589,EN6 4DF,51.71327,-0.120194
EN6 3JN,51.704923,-0.201589,EN6 4DG,51.696125,-0.151538
EN6 3JN,51.704923,-0.201589,EN6 4DH,51.69304,-0.137494
EN6 3JN,51.704923,-0.201589,EN6 4DJ,51.693831,-0.123141
EN6 3JN,51.704923,-0.201589,EN6 4DL,51.697951,-0.123274
EN6 3JN,51.704923,-0.201589,EN6 4DN,51.708584,-0.114555
EN6 3JN,51.704923,-0.201589,EN6 4DP,51.710933,-0.116904
EN6 3JN,51.704923,-0.201589,EN6 4DQ,51.692024,-0.139822
EN6 3JN,51.704923,-0.201589,EN6 4DR,51.709309,-0.114308
EN6 3JN,51.704923,-0.201589,EN6 4DS,51.711273,-0.116253
EN6 3JN,51.704923,-0.201589,EN6 4DT,51.709886,-0.120793
EN6 3JN,51.704923,-0.201589,EN6 4DU,51.710047,-0.116622
EN6 3JN,51.704923,-0.201589,EN6 4DW,51.709835,-0.115169
EN6 3JN,51.704923,-0.201589,EN6 4DX,51.710685,-0.117102
EN6 3JN,51.704923,-0.201589,EN6 4DY,51.708734,-0.118298
EN6 3JN,51.704923,-0.201589,EN6 4DZ,51.709899,-0.118568
EN6 3JN,51.704923,-0.201589,EN6 4EA,51.709589,-0.11832
EN6 3JN,51.704923,-0.201589,EN6 4EB,51.711587,-0.118411
EN6 3JN,51.704923,-0.201589,EN6 4ED,51.712176,-0.11817
EN6 3JN,51.704923,-0.201589,EN6 4EE,51.712161,-0.117186
EN6 3JN,51.704923,-0.201589,EN6 4EF,51.709433,-0.11646
EN6 3JN,51.704923,-0.201589,EN6 4EG,51.711891,-0.120005
EN6 3JN,51.704923,-0.201589,EN6 4EH,51.713391,-0.119335
EN6 3JN,51.704923,-0.201589,EN6 4EJ,51.713797,-0.118841
EN6 3JN,51.704923,-0.201589,EN6 4EL,51.714386,-0.11802
EN6 3JN,51.704923,-0.201589,EN6 4EN,51.715002,-0.118878
EN6 3JN,51.704923,-0.201589,EN6 4EP,51.698556,-0.190086
EN6 3JN,51.704923,-0.201589,EN6 4EQ,51.712865,-0.120718
EN6 3JN,51.704923,-0.201589,EN6 4ER,51.713019,-0.122154
EN6 3JN,51.704923,-0.201589,EN6 4ES,51.710564,-0.108509
EN6 3JN,51.704923,-0.201589,EN6 4ET,51.710555,-0.107945
EN6 3JN,51.704923,-0.201589,EN6 4EU,51.708446,-0.10787
EN6 3JN,51.704923,-0.201589,EN6 4EW,51.692945,-0.138887
EN6 3JN,51.704923,-0.201589,EN6 4EX,51.709186,-0.105205
EN6 3JN,51.704923,-0.201589,EN6 4EY,51.708051,-0.106743
EN6 3JN,51.704923,-0.201589,EN6 4EZ,51.693242,-0.135826
EN6 3JN,51.704923,-0.201589,EN6 4FA,51.698556,-0.190086
EN6 3JN,51.704923,-0.201589,EN6 4FB,51.695249,-0.131417
EN6 3JN,51.704923,-0.201589,EN6 4FD,51.707608,-0.11051
EN6 3JN,51.704923,-0.201589,EN6 4FE,51.709287,-0.113711
EN6 3JN,51.704923,-0.201589,EN6 4FG,51.706044,-0.157879
EN6 3JN,51.704923,-0.201589,EN6 4HA,51.707841,-0.110457
EN6 3JN,51.704923,-0.201589,EN6 4HB,51.706962,-0.110609
EN6 3JN,51.704923,-0.201589,EN6 4HD,51.706594,-0.110668
EN6 3JN,51.704923,-0.201589,EN6 4HE,51.707803,-0.111486
EN6 3JN,51.704923,-0.201589,EN6 4HF,51.70782,-0.111399
EN6 3JN,51.704923,-0.201589,EN6 4HG,51.708347,-0.10893
EN6 3JN,51.704923,-0.201589,EN6 4HH,51.704849,-0.110991
EN6 3JN,51.704923,-0.201589,EN6 4HJ,51.704682,-0.11175
EN6 3JN,51.704923,-0.201589,EN6 4HL,51.704935,-0.112435
EN6 3JN,51.704923,-0.201589,EN6 4HN,51.703746,-0.112267
EN6 3JN,51.704923,-0.201589,EN6 4HP,51.703852,-0.113854
EN6 3JN,51.704923,-0.201589,EN6 4HQ,51.706559,-0.111629
EN6 3JN,51.704923,-0.201589,EN6 4HR,51.708441,-0.110895
EN6 3JN,51.704923,-0.201589,EN6 4HS,51.704327,-0.113932
EN6 3JN,51.704923,-0.201589,EN6 4HT,51.707723,-0.112618
EN6 3JN,51.704923,-0.201589,EN6 4HU,51.707977,-0.113332
EN6 3JN,51.704923,-0.201589,EN6 4HW,51.703527,-0.114515
EN6 3JN,51.704923,-0.201589,EN6 4HX,51.708144,-0.112007
EN6 3JN,51.704923,-0.201589,EN6 4HY,51.70797,-0.107677
EN6 3JN,51.704923,-0.201589,EN6 4HZ,51.708467,-0.108593
EN6 3JN,51.704923,-0.201589,EN6 4JA,51.708171,-0.113106
EN6 3JN,51.704923,-0.201589,EN6 4JB,51.712783,-0.113932
EN6 3JN,51.704923,-0.201589,EN6 4JD,51.707845,-0.111267
EN6 3JN,51.704923,-0.201589,EN6 4JE,51.70913,-0.112144
EN6 3JN,51.704923,-0.201589,EN6 4JF,51.709706,-0.111599
EN6 3JN,51.704923,-0.201589,EN6 4JG,51.711594,-0.112722
EN6 3JN,51.704923,-0.201589,EN6 4JH,51.715225,-0.117594
EN6 3JN,51.704923,-0.201589,EN6 4JJ,51.713434,-0.114151
EN6 3JN,51.704923,-0.201589,EN6 4JL,51.715434,-0.116066
EN6 3JN,51.704923,-0.201589,EN6 4JN,51.715127,-0.116754
EN6 3JN,51.704923,-0.201589,EN6 4JP,51.717012,-0.119692
EN6 3JN,51.704923,-0.201589,EN6 4JQ,51.710656,-0.11363
EN6 3JN,51.704923,-0.201589,EN6 4JR,51.715937,-0.115495
EN6 3JN,51.704923,-0.201589,EN6 4JS,51.718165,-0.11948
EN6 3JN,51.704923,-0.201589,EN6 4JT,51.713953,-0.112576
EN6 3JN,51.704923,-0.201589,EN6 4JU,51.714553,-0.111629
EN6 3JN,51.704923,-0.201589,EN6 4JW,51.716644,-0.1181
EN6 3JN,51.704923,-0.201589,EN6 4JX,51.712912,-0.111364
EN6 3JN,51.704923,-0.201589,EN6 4JY,51.712159,-0.112047
EN6 3JN,51.704923,-0.201589,EN6 4JZ,51.711114,-0.110831
EN6 3JN,51.704923,-0.201589,EN6 4LA,51.708758,-0.110462
EN6 3JN,51.704923,-0.201589,EN6 4LB,51.708173,-0.11078
EN6 3JN,51.704923,-0.201589,EN6 4LD,51.708199,-0.110355
EN6 3JN,51.704923,-0.201589,EN6 4LE,51.698556,-0.190086
EN6 3JN,51.704923,-0.201589,EN6 4LF,51.709886,-0.120793
EN6 3JN,51.704923,-0.201589,EN6 4LG,51.70484,-0.117142
EN6 3JN,51.704923,-0.201589,EN6 4LH,51.705817,-0.118086
EN6 3JN,51.704923,-0.201589,EN6 4LJ,51.705654,-0.115762
EN6 3JN,51.704923,-0.201589,EN6 4LL,51.705616,-0.11449
EN6 3JN,51.704923,-0.201589,EN6 4LN,51.707189,-0.117826
EN6 3JN,51.704923,-0.201589,EN6 4LP,51.708339,-0.116621
EN6 3JN,51.704923,-0.201589,EN6 4LQ,51.703969,-0.117406
EN6 3JN,51.704923,-0.201589,EN6 4LR,51.707093,-0.116296
EN6 3JN,51.704923,-0.201589,EN6 4LS,51.70776,-0.114763
EN6 3JN,51.704923,-0.201589,EN6 4LT,51.707221,-0.114192
EN6 3JN,51.704923,-0.201589,EN6 4LU,51.706094,-0.113472
EN6 3JN,51.704923,-0.201589,EN6 4LW,51.708954,-0.115756
EN6 3JN,51.704923,-0.201589,EN6 4LX,51.706306,-0.113444
EN6 3JN,51.704923,-0.201589,EN6 4LY,51.70423,-0.114982
EN6 3JN,51.704923,-0.201589,EN6 4LZ,51.704338,-0.115784
EN6 3JN,51.704923,-0.201589,EN6 4NA,51.704917,-0.153361
EN6 3JN,51.704923,-0.201589,EN6 4NB,51.700241,-0.141974
EN6 3JN,51.704923,-0.201589,EN6 4NE,51.701916,-0.164988
EN6 3JN,51.704923,-0.201589,EN6 4NF,51.703394,-0.162632
EN6 3JN,51.704923,-0.201589,EN6 4NG,51.704384,-0.161521
EN6 3JN,51.704923,-0.201589,EN6 4NH,51.701504,-0.165077
EN6 3JN,51.704923,-0.201589,EN6 4NJ,51.707474,-0.160165
EN6 3JN,51.704923,-0.201589,EN6 4NL,51.705679,-0.152365
EN6 3JN,51.704923,-0.201589,EN6 4NN,51.704527,-0.151196
EN6 3JN,51.704923,-0.201589,EN6 4NP,51.703209,-0.145413
EN6 3JN,51.704923,-0.201589,EN6 4NQ,51.70675,-0.163365
EN6 3JN,51.704923,-0.201589,EN6 4NR,51.703817,-0.149517
EN6 3JN,51.704923,-0.201589,EN6 4NS,51.702105,-0.142438
EN6 3JN,51.704923,-0.201589,EN6 4NT,51.700928,-0.14195
EN6 3JN,51.704923,-0.201589,EN6 4NU,51.703283,-0.142476
EN6 3JN,51.704923,-0.201589,EN6 4NW,51.704039,-0.149026
EN6 3JN,51.704923,-0.201589,EN6 4NX,51.704656,-0.147949
EN6 3JN,51.704923,-0.201589,EN6 4NY,51.704629,-0.149108
EN6 3JN,51.704923,-0.201589,EN6 4NZ,51.7054,-0.150654
EN6 3JN,51.704923,-0.201589,EN6 4PA,51.705971,-0.146404
EN6 3JN,51.704923,-0.201589,EN6 4PB,51.706229,-0.147576
EN6 3JN,51.704923,-0.201589,EN6 4PD,51.70694,-0.142819
EN6 3JN,51.704923,-0.201589,EN6 4PE,51.711016,-0.138439
EN6 3JN,51.704923,-0.201589,EN6 4PF,51.711691,-0.135295
EN6 3JN,51.704923,-0.201589,EN6 4PG,51.714773,-0.133812
EN6 3JN,51.704923,-0.201589,EN6 4PH,51.715014,-0.13483
EN6 3JN,51.704923,-0.201589,EN6 4PJ,51.71766,-0.130692
EN6 3JN,51.704923,-0.201589,EN6 4PL,51.717058,-0.130475
EN6 3JN,51.704923,-0.201589,EN6 4PN,51.718402,-0.127592
EN6 3JN,51.704923,-0.201589,EN6 4PP,51.717555,-0.127776
EN6 3JN,51.704923,-0.201589,EN6 4PQ,51.713402,-0.136952
EN6 3JN,51.704923,-0.201589,EN6 4PR,51.721132,-0.126813
EN6 3JN,51.704923,-0.201589,EN6 4PS,51.705978,-0.15682
EN6 3JN,51.704923,-0.201589,EN6 4PU,51.705679,-0.144646
EN6 3JN,51.704923,-0.201589,EN6 4PW,51.718883,-0.126732
EN6 3JN,51.704923,-0.201589,EN6 4PX,51.698556,-0.190086
EN6 3JN,51.704923,-0.201589,EN6 4PY,51.709886,-0.120793
EN6 3JN,51.704923,-0.201589,EN6 4PZ,51.709886,-0.120793
EN6 3JN,51.704923,-0.201589,EN6 4QA,51.713444,-0.117567
EN6 3JN,51.704923,-0.201589,EN6 4QB,51.714361,-0.117022
EN6 3JN,51.704923,-0.201589,EN6 4QD,51.712771,-0.115974
EN6 3JN,51.704923,-0.201589,EN6 4QE,51.714103,-0.116092
EN6 3JN,51.704923,-0.201589,EN6 4QF,51.714265,-0.112741
EN6 3JN,51.704923,-0.201589,EN6 4QG,51.71521,-0.113875
EN6 3JN,51.704923,-0.201589,EN6 4QH,51.717711,-0.117545
EN6 3JN,51.704923,-0.201589,EN6 4QJ,51.716871,-0.112068
EN6 3JN,51.704923,-0.201589,EN6 4QL,51.718438,-0.114971
EN6 3JN,51.704923,-0.201589,EN6 4QN,51.715634,-0.112293
EN6 3JN,51.704923,-0.201589,EN6 4QP,51.717846,-0.114532
EN6 3JN,51.704923,-0.201589,EN6 4QQ,51.716902,-0.115657
EN6 3JN,51.704923,-0.201589,EN6 4QR,51.717033,-0.115083
EN6 3JN,51.704923,-0.201589,EN6 4QS,51.708007,-0.121392
EN6 3JN,51.704923,-0.201589,EN6 4QU,51.699113,-0.127549
EN6 3JN,51.704923,-0.201589,EN6 4QW,51.716883,-0.113327
EN6 3JN,51.704923,-0.201589,EN6 4QX,51.699141,-0.129072
EN6 3JN,51.704923,-0.201589,EN6 4QY,51.699174,-0.12661
EN6 3JN,51.704923,-0.201589,EN6 4QZ,51.700148,-0.12425
EN6 3JN,51.704923,-0.201589,EN6 4RA,51.703895,-0.123487
EN6 3JN,51.704923,-0.201589,EN6 4RB,51.703595,-0.12362
EN6 3JN,51.704923,-0.201589,EN6 4RD,51.70233,-0.119287
EN6 3JN,51.704923,-0.201589,EN6 4RE,51.715224,-0.118666
EN6 3JN,51.704923,-0.201589,EN6 4RF,51.714464,-0.124589
EN6 3JN,51.704923,-0.201589,EN6 4RG,51.715458,-0.119829
EN6 3JN,51.704923,-0.201589,EN6 4RH,51.716523,-0.119495
EN6 3JN,51.704923,-0.201589,EN6 4RJ,51.716622,-0.120041
EN6 3JN,51.704923,-0.201589,EN6 4RL,51.716686,-0.122383
EN6 3JN,51.704923,-0.201589,EN6 4RN,51.71541,-0.124101
EN6 3JN,51.704923,-0.201589,EN6 4RP,51.714915,-0.122992
EN6 3JN,51.704923,-0.201589,EN6 4RQ,51.715892,-0.118841
EN6 3JN,51.704923,-0.201589,EN6 4RR,51.715503,-0.124865
EN6 3JN,51.704923,-0.201589,EN6 4RS,51.71542,-0.122479
EN6 3JN,51.704923,-0.201589,EN6 4RT,51.715206,-0.121518
EN6 3JN,51.704923,-0.201589,EN6 4RU,51.715699,-0.121382
EN6 3JN,51.704923,-0.201589,EN6 4RW,51.716324,-0.122225
EN6 3JN,51.704923,-0.201589,EN6 4RX,51.715468,-0.120436
EN6 3JN,51.704923,-0.201589,EN6 4RY,51.70725,-0.108184
EN6 3JN,51.704923,-0.201589,EN6 4RZ,51.706923,-0.109858
EN6 3JN,51.704923,-0.201589,EN6 4SA,51.698556,-0.190086
EN6 3JN,51.704923,-0.201589,EN6 4SB,51.698556,-0.190086
EN6 3JN,51.704923,-0.201589,EN6 4SD,51.707205,-0.107849
EN6 3JN,51.704923,-0.201589,EN6 4SE,51.706944,-0.108352
EN6 3JN,51.704923,-0.201589,EN6 4SF,51.714413,-0.123621
EN6 3JN,51.704923,-0.201589,EN6 4SG,51.707475,-0.107867
EN6 3JN,51.704923,-0.201589,EN6 4SH,51.698556,-0.190086
EN6 3JN,51.704923,-0.201589,EN6 4SJ,51.716141,-0.12395
EN6 3JN,51.704923,-0.201589,EN6 4SL,51.716141,-0.12395
EN6 3JN,51.704923,-0.201589,EN6 4SN,51.709886,-0.120793
EN6 3JN,51.704923,-0.201589,EN6 4SP,51.698556,-0.190086
EN6 3JN,51.704923,-0.201589,EN6 4SQ,51.706923,-0.109858
EN6 3JN,51.704923,-0.201589,EN6 4TG,51.708347,-0.10893
EN6 3JN,51.704923,-0.201589,EN6 4TP,51.707226,-0.109122
EN6 3JN,51.704923,-0.201589,EN6 4WA,51.698556,-0.190086
EN6 3JN,51.704923,-0.201589,EN6 4WB,51.698556,-0.190086
EN6 3JN,51.704923,-0.201589,EN6 4WG,51.70684,-0.109181
EN6 3JN,51.704923,-0.201589,EN6 4WZ,51.698658,-0.190314
EN6 3JN,51.704923,-0.201589,EN6 4XJ,51.698556,-0.190086
EN6 3JN,51.704923,-0.201589,EN6 4XN,51.70684,-0.109181
EN6 3JN,51.704923,-0.201589,EN6 4XT,51.698556,-0.190086
EN6 3JN,51.704923,-0.201589,EN6 4XZ,51.698662,-0.19029
EN6 3JN,51.704923,-0.201589,EN6 4ZD,51.698556,-0.190086
EN6 3JN,51.704923,-0.201589,EN6 4ZE,51.698556,-0.190086
EN6 3JN,51.704923,-0.201589,EN6 4ZF,51.709886,-0.120793
EN6 3JN,51.704923,-0.201589,EN6 4ZG,51.698556,-0.190086
EN6 3JN,51.704923,-0.201589,EN6 4ZH,51.698556,-0.190086
EN6 3JN,51.704923,-0.201589,EN6 4ZJ,51.698556,-0.190086
EN6 3JN,51.704923,-0.201589,EN6 4ZL,51.698556,-0.190086
EN6 3JN,51.704923,-0.201589,EN6 4ZN,51.698556,-0.190086
EN6 3JN,51.704923,-0.201589,EN6 4ZQ,51.698658,-0.190314
EN6 3JN,51.704923,-0.201589,EN6 4ZR,51.698556,-0.190086
EN6 3JN,51.704923,-0.201589,EN6 4ZS,51.698556,-0.190086
EN6 3JN,51.704923,-0.201589,EN6 4ZU,51.70684,-0.109181
EN6 3JN,51.704923,-0.201589,EN6 4ZW,51.698556,-0.190086
EN6 3JN,51.704923,-0.201589,EN6 4ZX,51.698556,-0.190086
EN6 3JN,51.704923,-0.201589,EN6 4ZY,51.709886,-0.120793
EN6 3JN,51.704923,-0.201589,EN6 4ZZ,51.709886,-0.120793
EN6 3JN,51.704923,-0.201589,EN6 5AA,51.694517,-0.178382
EN6 3JN,51.704923,-0.201589,EN6 5AB,51.694427,-0.177822
EN6 3JN,51.704923,-0.201589,EN6 5AD,51.698662,-0.19029
EN6 3JN,51.704923,-0.201589,EN6 5AE,51.693596,-0.178424
EN6 3JN,51.704923,-0.201589,EN6 5AF,51.69289,-0.178727
EN6 3JN,51.704923,-0.201589,EN6 5AG,51.693953,-0.177363
EN6 3JN,51.704923,-0.201589,EN6 5AH,51.69272,-0.178454
EN6 3JN,51.704923,-0.201589,EN6 5AJ,51.693652,-0.177693
EN6 3JN,51.704923,-0.201589,EN6 5AL,51.69272,-0.178454
EN6 3JN,51.704923,-0.201589,EN6 5AN,51.694678,-0.170244
EN6 3JN,51.704923,-0.201589,EN6 5AP,51.694308,-0.177059
EN6 3JN,51.704923,-0.201589,EN6 5AQ,51.694158,-0.177239
EN6 3JN,51.704923,-0.201589,EN6 5AR,51.694662,-0.176727
EN6 3JN,51.704923,-0.201589,EN6 5AS,51.694739,-0.176772
EN6 3JN,51.704923,-0.201589,EN6 5AT,51.695468,-0.177114
EN6 3JN,51.704923,-0.201589,EN6 5AU,51.696251,-0.176533
EN6 3JN,51.704923,-0.201589,EN6 5AW,51.694176,-0.177238
EN6 3JN,51.704923,-0.201589,EN6 5AX,51.694717,-0.175639
EN6 3JN,51.704923,-0.201589,EN6 5AY,51.696876,-0.174496
EN6 3JN,51.704923,-0.201589,EN6 5AZ,51.694487,-0.178789
EN6 3JN,51.704923,-0.201589,EN6 5BA,51.693182,-0.179289
EN6 3JN,51.704923,-0.201589,EN6 5BB,51.697235,-0.175075
EN6 3JN,51.704923,-0.201589,EN6 5BD,51.69281,-0.179666
EN6 3JN,51.704923,-0.201589,EN6 5BE,51.697699,-0.176532
EN6 3JN,51.704923,-0.201589,EN6 5BF,51.698556,-0.190086
EN6 3JN,51.704923,-0.201589,EN6 5BG,51.695694,-0.167618
EN6 3JN,51.704923,-0.201589,EN6 5BH,51.698287,-0.175964
EN6 3JN,51.704923,-0.201589,EN6 5BJ,51.698311,-0.175987
EN6 3JN,51.704923,-0.201589,EN6 5BL,51.698207,-0.175123
EN6 3JN,51.704923,-0.201589,EN6 5BN,51.693182,-0.179275
EN6 3JN,51.704923,-0.201589,EN6 5BP,51.69281,-0.179666
EN6 3JN,51.704923,-0.201589,EN6 5BQ,51.699043,-0.173932
EN6 3JN,51.704923,-0.201589,EN6 5BS,51.692829,-0.179694
EN6 3JN,51.704923,-0.201589,EN6 5BT,51.696849,-0.174526
EN6 3JN,51.704923,-0.201589,EN6 5BU,51.698404,-0.175028
EN6 3JN,51.704923,-0.201589,EN6 5BW,51.683594,-0.174804
EN6 3JN,51.704923,-0.201589,EN6 5BX,51.69406,-0.165542
EN6 3JN,51.704923,-0.201589,EN6 5BY,51.697929,-0.174555
EN6 3JN,51.704923,-0.201589,EN6 5BZ,51.698044,-0.173292
EN6 3JN,51.704923,-0.201589,EN6 5DA,51.69853,-0.174232
EN6 3JN,51.704923,-0.201589,EN6 5DB,51.698816,-0.174669
EN6 3JN,51.704923,-0.201589,EN6 5DD,51.699961,-0.16938
EN6 3JN,51.704923,-0.201589,EN6 5DE,51.700823,-0.168694
EN6 3JN,51.704923,-0.201589,EN6 5DF,51.700559,-0.166765
EN6 3JN,51.704923,-0.201589,EN6 5DG,51.699831,-0.167967
EN6 3JN,51.704923,-0.201589,EN6 5DH,51.698728,-0.175367
EN6 3JN,51.704923,-0.201589,EN6 5DJ,51.692869,-0.177961
EN6 3JN,51.704923,-0.201589,EN6 5DL,51.692869,-0.177961
EN6 3JN,51.704923,-0.201589,EN6 5DN,51.697224,-0.174661
EN6 3JN,51.704923,-0.201589,EN6 5DP,51.690922,-0.178527
EN6 3JN,51.704923,-0.201589,EN6 5DQ,51.699963,-0.168632
EN6 3JN,51.704923,-0.201589,EN6 5DR,51.691742,-0.178016
EN6 3JN,51.704923,-0.201589,EN6 5DS,51.69173,-0.17725
EN6 3JN,51.704923,-0.201589,EN6 5DT,51.697241,-0.174602
EN6 3JN,51.704923,-0.201589,EN6 5DU,51.692428,-0.178191
EN6 3JN,51.704923,-0.201589,EN6 5DW,51.693618,-0.178418
EN6 3JN,51.704923,-0.201589,EN6 5DX,51.691349,-0.177612
EN6 3JN,51.704923,-0.201589,EN6 5DY,51.691099,-0.177145
EN6 3JN,51.704923,-0.201589,EN6 5DZ,51.690773,-0.175856
EN6 3JN,51.704923,-0.201589,EN6 5EA,51.690356,-0.176234
EN6 3JN,51.704923,-0.201589,EN6 5EB,51.689465,-0.17504
EN6 3JN,51.704923,-0.201589,EN6 5ED,51.690111,-0.173756
EN6 3JN,51.704923,-0.201589,EN6 5EE,51.690766,-0.1725
EN6 3JN,51.704923,-0.201589,EN6 5EF,51.691603,-0.170831
EN6 3JN,51.704923,-0.201589,EN6 5EG,51.691467,-0.169013
EN6 3JN,51.704923,-0.201589,EN6 5EH,51.689158,-0.173751
EN6 3JN,51.704923,-0.201589,EN6 5EJ,51.68962,-0.171451
EN6 3JN,51.704923,-0.201589,EN6 5EL,51.691144,-0.16852
EN6 3JN,51.704923,-0.201589,EN6 5EN,51.689448,-0.171005
EN6 3JN,51.704923,-0.201589,EN6 5EP,51.68835,-0.172727
EN6 3JN,51.704923,-0.201589,EN6 5EQ,51.689775,-0.175867
EN6 3JN,51.704923,-0.201589,EN6 5ER,51.687622,-0.172727
EN6 3JN,51.704923,-0.201589,EN6 5ES,51.688712,-0.174015
EN6 3JN,51.704923,-0.201589,EN6 5ET,51.689809,-0.171106
EN6 3JN,51.704923,-0.201589,EN6 5EU,51.689622,-0.175873
EN6 3JN,51.704923,-0.201589,EN6 5EW,51.690897,-0.168212
EN6 3JN,51.704923,-0.201589,EN6 5EX,51.69173,-0.17725
EN6 3JN,51.704923,-0.201589,EN6 5EY,51.689822,-0.172238
EN6 3JN,51.704923,-0.201589,EN6 5EZ,51.64731,-0.207739
EN6 3JN,51.704923,-0.201589,EN6 5HA,51.700709,-0.172909
EN6 3JN,51.704923,-0.201589,EN6 5HB,51.699051,-0.173888
EN6 3JN,51.704923,-0.201589,EN6 5HD,51.699554,-0.171509
EN6 3JN,51.704923,-0.201589,EN6 5HE,51.698985,-0.171358
EN6 3JN,51.704923,-0.201589,EN6 5HF,51.69928,-0.169537
EN6 3JN,51.704923,-0.201589,EN6 5HG,51.699119,-0.168159
EN6 3JN,51.704923,-0.201589,EN6 5HH,51.698586,-0.167134
EN6 3JN,51.704923,-0.201589,EN6 5HJ,51.698576,-0.169349
EN6 3JN,51.704923,-0.201589,EN6 5HL,51.699311,-0.166647
EN6 3JN,51.704923,-0.201589,EN6 5HN,51.699348,-0.165251
EN6 3JN,51.704923,-0.201589,EN6 5HP,51.69886,-0.165054
EN6 3JN,51.704923,-0.201589,EN6 5HQ,51.699912,-0.165662
EN6 3JN,51.704923,-0.201589,EN6 5HR,51.698637,-0.166322
EN6 3JN,51.704923,-0.201589,EN6 5HS,51.697322,-0.166795
EN6 3JN,51.704923,-0.201589,EN6 5HT,51.696387,-0.165096
EN6 3JN,51.704923,-0.201589,EN6 5HU,51.696691,-0.164968
EN6 3JN,51.704923,-0.201589,EN6 5HW,51.70014,-0.165827
EN6 3JN,51.704923,-0.201589,EN6 5HX,51.697197,-0.163414
EN6 3JN,51.704923,-0.201589,EN6 5HY,51.698215,-0.16466
EN6 3JN,51.704923,-0.201589,EN6 5HZ,51.697462,-0.164792
EN6 3JN,51.704923,-0.201589,EN6 5JB,51.691843,-0.179936
EN6 3JN,51.704923,-0.201589,EN6 5JD,51.701443,-0.170121
EN6 3JN,51.704923,-0.201589,EN6 5JF,51.699819,-0.172381
EN6 3JN,51.704923,-0.201589,EN6 5JG,51.698594,-0.172565
EN6 3JN,51.704923,-0.201589,EN6 5JH,51.697949,-0.169504
EN6 3JN,51.704923,-0.201589,EN6 5JJ,51.697526,-0.168913
EN6 3JN,51.704923,-0.201589,EN6 5JL,51.697242,-0.169171
EN6 3JN,51.704923,-0.201589,EN6 5JN,51.695634,-0.171016
EN6 3JN,51.704923,-0.201589,EN6 5JP,51.697415,-0.167587
EN6 3JN,51.704923,-0.201589,EN6 5JQ,51.698669,-0.170126
EN6 3JN,51.704923,-0.201589,EN6 5JR,51.698476,-0.168152
EN6 3JN,51.704923,-0.201589,EN6 5JS,51.698209,-0.167178
EN6 3JN,51.704923,-0.201589,EN6 5JT,51.698123,-0.17203
EN6 3JN,51.704923,-0.201589,EN6 5JU,51.695272,-0.170249
EN6 3JN,51.704923,-0.201589,EN6 5JW,51.696938,-0.169241
EN6 3JN,51.704923,-0.201589,EN6 5JX,51.695019,-0.169593
EN6 3JN,51.704923,-0.201589,EN6 5JY,51.693999,-0.170488
EN6 3JN,51.704923,-0.201589,EN6 5JZ,51.693742,-0.171338
EN6 3JN,51.704923,-0.201589,EN6 5LA,51.692856,-0.171591
EN6 3JN,51.704923,-0.201589,EN6 5LB,51.692966,-0.17231
EN6 3JN,51.704923,-0.201589,EN6 5LD,51.693273,-0.171791
EN6 3JN,51.704923,-0.201589,EN6 5LE,51.693174,-0.172403
EN6 3JN,51.704923,-0.201589,EN6 5LG,51.693858,-0.173012
EN6 3JN,51.704923,-0.201589,EN6 5LH,51.694223,-0.171608
EN6 3JN,51.704923,-0.201589,EN6 5LJ,51.694747,-0.171167
EN6 3JN,51.704923,-0.201589,EN6 5LL,51.694677,-0.171893
EN6 3JN,51.704923,-0.201589,EN6 5LN,51.694495,-0.176936
EN6 3JN,51.704923,-0.201589,EN6 5LQ,51.694229,-0.17317
EN6 3JN,51.704923,-0.201589,EN6 5LR,51.694495,-0.176936
EN6 3JN,51.704923,-0.201589,EN6 5LS,51.697619,-0.173699
EN6 3JN,51.704923,-0.201589,EN6 5LT,51.697358,-0.171959
EN6 3JN,51.704923,-0.201589,EN6 5LU,51.696773,-0.170782
EN6 3JN,51.704923,-0.201589,EN6 5LX,51.696159,-0.170604
EN6 3JN,51.704923,-0.201589,EN6 5LY,51.696463,-0.168812
EN6 3JN,51.704923,-0.201589,EN6 5LZ,51.6964,-0.167657
EN6 3JN,51.704923,-0.201589,EN6 5NA,51.695747,-0.168151
EN6 3JN,51.704923,-0.201589,EN6 5NB,51.694562,-0.167948
EN6 3JN,51.704923,-0.201589,EN6 5ND,51.693461,-0.168296
EN6 3JN,51.704923,-0.201589,EN6 5NE,51.69317,-0.168062
EN6 3JN,51.704923,-0.201589,EN6 5NF,51.693222,-0.169102
EN6 3JN,51.704923,-0.201589,EN6 5NG,51.694222,-0.168671
EN6 3JN,51.704923,-0.201589,EN6 5NH,51.695697,-0.168683
EN6 3JN,51.704923,-0.201589,EN6 5NJ,51.695285,-0.166457
EN6 3JN,51.704923,-0.201589,EN6 5NL,51.695561,-0.16633
EN6 3JN,51.704923,-0.201589,EN6 5NN,51.695199,-0.167314
EN6 3JN,51.704923,-0.201589,EN6 5NP,51.694599,-0.165462
EN6 3JN,51.704923,-0.201589,EN6 5NQ,51.693601,-0.169781
EN6 3JN,51.704923,-0.201589,EN6 5NR,51.6944,-0.16657
EN6 3JN,51.704923,-0.201589,EN6 5NS,51.693382,-0.164957
EN6 3JN,51.704923,-0.201589,EN6 5NT,51.693874,-0.166529
EN6 3JN,51.704923,-0.201589,EN6 5NU,51.693395,-0.166346
EN6 3JN,51.704923,-0.201589,EN6 5NW,51.695728,-0.165455
EN6 3JN,51.704923,-0.201589,EN6 5NX,51.692604,-0.166985
EN6 3JN,51.704923,-0.201589,EN6 5NY,51.697977,-0.169561
EN6 3JN,51.704923,-0.201589,EN6 5NZ,51.697977,-0.169561
EN6 3JN,51.704923,-0.201589,EN6 5PA,51.698067,-0.175346
EN6 3JN,51.704923,-0.201589,EN6 5PD,51.692079,-0.177728
EN6 3JN,51.704923,-0.201589,EN6 5PE,51.692256,-0.176375
EN6 3JN,51.704923,-0.201589,EN6 5PF,51.692895,-0.177015
EN6 3JN,51.704923,-0.201589,EN6 5PG,51.693252,-0.176827
EN6 3JN,51.704923,-0.201589,EN6 5PH,51.694089,-0.176272
EN6 3JN,51.704923,-0.201589,EN6 5PJ,51.69436,-0.175249
EN6 3JN,51.704923,-0.201589,EN6 5PL,51.694691,-0.173976
EN6 3JN,51.704923,-0.201589,EN6 5PN,51.693331,-0.175536
EN6 3JN,51.704923,-0.201589,EN6 5PP,51.69182,-0.176118
EN6 3JN,51.704923,-0.201589,EN6 5PQ,51.693526,-0.175933
EN6 3JN,51.704923,-0.201589,EN6 5PR,51.69165,-0.175575
EN6 3JN,51.704923,-0.201589,EN6 5PS,51.691086,-0.175149
EN6 3JN,51.704923,-0.201589,EN6 5PT,51.691633,-0.17449
EN6 3JN,51.704923,-0.201589,EN6 5PU,51.691221,-0.174623
EN6 3JN,51.704923,-0.201589,EN6 5PW,51.692095,-0.17559
EN6 3JN,51.704923,-0.201589,EN6 5PX,51.690762,-0.173411
EN6 3JN,51.704923,-0.201589,EN6 5PY,51.691343,-0.173735
EN6 3JN,51.704923,-0.201589,EN6 5PZ,51.692047,-0.172216
EN6 3JN,51.704923,-0.201589,EN6 5QA,51.692728,-0.170323
EN6 3JN,51.704923,-0.201589,EN6 5QB,51.692749,-0.168209
EN6 3JN,51.704923,-0.201589,EN6 5QD,51.692652,-0.166014
EN6 3JN,51.704923,-0.201589,EN6 5QE,51.692874,-0.16408
EN6 3JN,51.704923,-0.201589,EN6 5QF,51.692095,-0.164343
EN6 3JN,51.704923,-0.201589,EN6 5QH,51.692202,-0.166596
EN6 3JN,51.704923,-0.201589,EN6 5QJ,51.692336,-0.17057
EN6 3JN,51.704923,-0.201589,EN6 5QL,51.691499,-0.172224
EN6 3JN,51.704923,-0.201589,EN6 5QN,51.688092,-0.16996
EN6 3JN,51.704923,-0.201589,EN6 5QP,51.694669,-0.170259
EN6 3JN,51.704923,-0.201589,EN6 5QQ,51.692319,-0.168299
EN6 3JN,51.704923,-0.201589,EN6 5QR,51.693173,-0.17929
EN6 3JN,51.704923,-0.201589,EN6 5QS,51.685206,-0.168282
EN6 3JN,51.704923,-0.201589,EN6 5QT,51.684825,-0.158865
EN6 3JN,51.704923,-0.201589,EN6 5QU,51.68156,-0.153404
EN6 3JN,51.704923,-0.201589,EN6 5QW,51.690833,-0.172743
EN6 3JN,51.704923,-0.201589,EN6 5RD,51.698067,-0.175346
EN6 3JN,51.704923,-0.201589,EN6 5RF,51.69281,-0.179666
EN6 3JN,51.704923,-0.201589,EN6 5RG,51.693982,-0.167682
EN6 3JN,51.704923,-0.201589,EN6 5RL,51.645453,-0.203909
EN6 3JN,51.704923,-0.201589,EN6 5RN,51.698658,-0.190314
EN6 3JN,51.704923,-0.201589,EN6 5RQ,51.698658,-0.190314
EN6 3JN,51.704923,-0.201589,EN6 5RW,51.694669,-0.170259
EN6 3JN,51.704923,-0.201589,EN6 5RY,51.698658,-0.190314
EN6 3JN,51.704923,-0.201589,EN6 5WA,51.698556,-0.190086
EN6 3JN,51.704923,-0.201589,EN6 5WB,51.698556,-0.190086
EN6 3JN,51.704923,-0.201589,EN6 5WD,51.698556,-0.190086
EN6 3JN,51.704923,-0.201589,EN6 5WE,51.698556,-0.190086
EN6 3JN,51.704923,-0.201589,EN6 5WJ,51.698556,-0.190086
EN6 3JN,51.704923,-0.201589,EN6 5WU,51.698556,-0.190086
EN6 3JN,51.704923,-0.201589,EN6 5WW,51.698556,-0.190086
EN6 3JN,51.704923,-0.201589,EN6 5WX,51.698658,-0.190314
EN6 3JN,51.704923,-0.201589,EN6 5WY,51.698556,-0.190086
EN6 3JN,51.704923,-0.201589,EN6 5WZ,51.698556,-0.190086
EN6 3JN,51.704923,-0.201589,EN6 5XG,51.698556,-0.190086
EN6 3JN,51.704923,-0.201589,EN6 5XJ,51.698556,-0.190086
EN6 3JN,51.704923,-0.201589,EN6 5XN,51.698658,-0.190314
EN6 3JN,51.704923,-0.201589,EN6 5XP,51.698556,-0.190086
EN6 3JN,51.704923,-0.201589,EN6 5XQ,51.698556,-0.190086
EN6 3JN,51.704923,-0.201589,EN6 5XU,51.698556,-0.190086
EN6 3JN,51.704923,-0.201589,EN6 5XY,51.698556,-0.190086
EN6 3JN,51.704923,-0.201589,EN6 5XZ,51.698556,-0.190086
EN6 3JN,51.704923,-0.201589,EN6 5ZD,51.698658,-0.190314
EN6 3JN,51.704923,-0.201589,EN6 5ZG,51.698556,-0.190086
EN6 3JN,51.704923,-0.201589,EN6 5ZH,51.698556,-0.190086
EN6 3JN,51.704923,-0.201589,EN6 5ZJ,51.698556,-0.190086
EN6 3JN,51.704923,-0.201589,EN6 5ZN,51.698556,-0.190086
EN6 3JN,51.704923,-0.201589,EN6 5ZP,51.694678,-0.170244
EN6 3JN,51.704923,-0.201589,EN6 5ZQ,51.698556,-0.190086
EN6 3JN,51.704923,-0.201589,EN6 5ZR,51.698556,-0.190086
EN6 3JN,51.704923,-0.201589,EN6 5ZS,51.694678,-0.170244
EN6 3JN,51.704923,-0.201589,EN6 5ZT,51.698556,-0.190086
EN6 3JN,51.704923,-0.201589,EN6 5ZW,51.698556,-0.190086
EN6 3JN,51.704923,-0.201589,EN6 5ZX,51.694334,-0.170648
EN6 3JN,51.704923,-0.201589,EN6 5ZY,51.698556,-0.190086
EN6 3JN,51.704923,-0.201589,EN6 5ZZ,51.698556,-0.190086
EN6 3JN,51.704923,-0.201589,EN6 9AA,51.698556,-0.190086
EN6 3JN,51.704923,-0.201589,EN6 9AB,51.698556,-0.190086
EN6 3JN,51.704923,-0.201589,EN6 9AD,51.698556,-0.190086
EN6 3JN,51.704923,-0.201589,EN6 9AE,51.698556,-0.190086
EN6 3JN,51.704923,-0.201589,EN6 9AF,51.698658,-0.190314
EN6 3JN,51.704923,-0.201589,EN6 9AG,51.698556,-0.190086
EN6 3JN,51.704923,-0.201589,EN6 9AH,51.698556,-0.190086
EN6 3JN,51.704923,-0.201589,EN6 9AJ,51.698556,-0.190086
EN6 3JN,51.704923,-0.201589,EN6 9AL,51.698556,-0.190086
EN6 3JN,51.704923,-0.201589,EN6 9AN,51.698556,-0.190086
EN6 3JN,51.704923,-0.201589,EN6 9AP,51.698556,-0.190086
EN6 3JN,51.704923,-0.201589,EN6 9AQ,51.698556,-0.190086
EN6 3JN,51.704923,-0.201589,EN6 9AR,51.698556,-0.190086
EN6 3JN,51.704923,-0.201589,EN6 9AS,51.698556,-0.190086
EN6 3JN,51.704923,-0.201589,EN6 9AT,51.698556,-0.190086
EN6 3JN,51.704923,-0.201589,EN6 9AU,51.698556,-0.190086
EN6 3JN,51.704923,-0.201589,EN6 9AW,51.698556,-0.190086
EN6 3JN,51.704923,-0.201589,EN6 9AX,51.698556,-0.190086
EN6 3JN,51.704923,-0.201589,EN6 9AY,51.698658,-0.190314
EN6 3JN,51.704923,-0.201589,EN6 9AZ,51.698556,-0.190086
EN6 3JN,51.704923,-0.201589,EN6 9BA,51.698556,-0.190086
EN6 3JN,51.704923,-0.201589,EN6 9BB,51.698658,-0.190314
EN6 3JN,51.704923,-0.201589,EN6 9BD,51.698556,-0.190086
EN6 3JN,51.704923,-0.201589,EN6 9BE,51.698556,-0.190086
EN6 3JN,51.704923,-0.201589,EN6 9BF,51.698556,-0.190086
EN6 3JN,51.704923,-0.201589,EN6 9BG,51.698556,-0.190086
EN6 3JN,51.704923,-0.201589,EN6 9BH,51.698556,-0.190086
EN6 3JN,51.704923,-0.201589,EN6 9BJ,51.698556,-0.190086
EN6 3JN,51.704923,-0.201589,EN6 9BL,51.698556,-0.190086
EN6 3JN,51.704923,-0.201589,EN6 9BN,51.698556,-0.190086
EN6 3JN,51.704923,-0.201589,EN6 9BP,51.698556,-0.190086
EN6 3JN,51.704923,-0.201589,EN6 9BQ,51.698556,-0.190086
EN6 3JN,51.704923,-0.201589,EN6 9BR,51.698556,-0.190086
EN6 3JN,51.704923,-0.201589,EN6 9BS,51.698556,-0.190086
EN6 3JN,51.704923,-0.201589,EN6 9BT,51.698556,-0.190086
EN6 3JN,51.704923,-0.201589,EN6 9BU,51.698556,-0.190086
EN6 3JN,51.704923,-0.201589,EN6 9BW,51.698658,-0.190314
EN6 3JN,51.704923,-0.201589,EN6 9BX,51.698556,-0.190086
EN6 3JN,51.704923,-0.201589,EN6 9BY,51.698556,-0.190086
EN6 3JN,51.704923,-0.201589,EN6 9BZ,51.698556,-0.190086
EN6 3JN,51.704923,-0.201589,EN6 9DA,51.698556,-0.190086
EN6 3JN,51.704923,-0.201589,EN6 9DB,51.698556,-0.190086
EN6 3JN,51.704923,-0.201589,EN6 9DD,51.698556,-0.190086
EN6 3JN,51.704923,-0.201589,EN6 9DE,51.698658,-0.190314
EN6 3JN,51.704923,-0.201589,EN6 9DF,51.698556,-0.190086
EN6 3JN,51.704923,-0.201589,EN6 9DG,51.698658,-0.190314
EN6 3JN,51.704923,-0.201589,EN6 9DH,51.698556,-0.190086
EN6 3JN,51.704923,-0.201589,EN6 9DJ,51.698556,-0.190086
EN6 3JN,51.704923,-0.201589,EN6 9DL,51.698556,-0.190086
EN6 3JN,51.704923,-0.201589,EN6 9DN,51.698658,-0.190314
EN6 3JN,51.704923,-0.201589,EN6 9DP,51.698658,-0.190314
EN6 3JN,51.704923,-0.201589,EN6 9DQ,51.698658,-0.190314
EN6 3JN,51.704923,-0.201589,EN6 9DR,51.698658,-0.190314
EN6 3JN,51.704923,-0.201589,EN6 9DS,51.698556,-0.190086
EN6 3JN,51.704923,-0.201589,EN6 9DT,51.698556,-0.190086
EN6 3JN,51.704923,-0.201589,EN6 9DU,51.698556,-0.190086
EN6 3JN,51.704923,-0.201589,EN6 9DW,51.698658,-0.190314
EN6 3JN,51.704923,-0.201589,EN6 9DX,51.698556,-0.190086
EN6 3JN,51.704923,-0.201589,EN6 9DY,51.698556,-0.190086
EN6 3JN,51.704923,-0.201589,EN6 9DZ,51.698556,-0.190086
EN6 3JN,51.704923,-0.201589,EN6 9EA,51.698556,-0.190086
EN6 3JN,51.704923,-0.201589,EN6 9EB,51.698662,-0.19029
EN6 3JN,51.704923,-0.201589,EN6 9ED,51.698556,-0.190086
EN6 3JN,51.704923,-0.201589,EN6 9EE,51.698662,-0.19029
EN6 3JN,51.704923,-0.201589,EN6 9EF,51.698556,-0.190086
EN6 3JN,51.704923,-0.201589,EN6 9EG,51.698556,-0.190086
EN6 3JN,51.704923,-0.201589,EN6 9EH,51.698658,-0.190314
EN6 3JN,51.704923,-0.201589,EN6 9EJ,51.698556,-0.190086
EN6 3JN,51.704923,-0.201589,EN6 9EL,51.698556,-0.190086
EN6 3JN,51.704923,-0.201589,EN6 9EN,51.698556,-0.190086
EN6 3JN,51.704923,-0.201589,EN6 9EP,51.698556,-0.190086
EN6 3JN,51.704923,-0.201589,EN6 9EQ,51.698556,-0.190086
EN6 3JN,51.704923,-0.201589,EN6 9ER,51.698556,-0.190086
EN6 3JN,51.704923,-0.201589,EN6 9ES,51.698556,-0.190086
EN6 3JN,51.704923,-0.201589,EN6 9ET,51.698556,-0.190086
EN6 3JN,51.704923,-0.201589,EN6 9EU,51.698556,-0.190086
EN6 3JN,51.704923,-0.201589,EN6 9EW,51.698556,-0.190086
EN6 3JN,51.704923,-0.201589,EN6 9EX,51.698658,-0.190314
EN6 3JN,51.704923,-0.201589,EN6 9EY,51.698556,-0.190086
EN6 3JN,51.704923,-0.201589,EN6 9EZ,51.698556,-0.190086
EN6 3JN,51.704923,-0.201589,EN6 9FA,51.698658,-0.190314
EN6 3JN,51.704923,-0.201589,EN6 9FB,51.698556,-0.190086
EN6 3JN,51.704923,-0.201589,EN6 9FD,51.698658,-0.190314
EN6 3JN,51.704923,-0.201589,EN6 9FE,51.698556,-0.190086
EN6 3JN,51.704923,-0.201589,EN6 9FF,51.698658,-0.190314
EN6 3JN,51.704923,-0.201589,EN6 9FG,51.698556,-0.190086
EN6 3JN,51.704923,-0.201589,EN6 9FH,51.698662,-0.19029
EN6 3JN,51.704923,-0.201589,EN6 9FJ,51.698556,-0.190086
EN6 3JN,51.704923,-0.201589,EN6 9FL,51.698658,-0.190314
EN6 3JN,51.704923,-0.201589,EN6 9FN,51.698658,-0.190314
EN6 3JN,51.704923,-0.201589,EN6 9FP,51.698658,-0.190314
EN6 3JN,51.704923,-0.201589,EN6 9FQ,51.698658,-0.190314
EN6 3JN,51.704923,-0.201589,EN6 9FR,51.698658,-0.190314
EN6 3JN,51.704923,-0.201589,EN6 9FS,51.698658,-0.190314
EN6 3JN,51.704923,-0.201589,EN6 9FT,51.698658,-0.190314
EN6 3JN,51.704923,-0.201589,EN6 9FU,51.698658,-0.190314
EN6 3JN,51.704923,-0.201589,EN6 9FW,51.698662,-0.19029
EN6 3JN,51.704923,-0.201589,EN6 9FX,51.698662,-0.19029
EN6 3JN,51.704923,-0.201589,EN6 9FY,51.698662,-0.19029
EN6 3JN,51.704923,-0.201589,EN6 9FZ,51.698662,-0.19029
EN6 3JN,51.704923,-0.201589,EN6 9GA,51.698662,-0.19029
EN6 3JN,51.704923,-0.201589,EN6 9GB,51.698662,-0.19029
EN6 3JN,51.704923,-0.201589,EN6 9GD,51.698662,-0.19029
EN6 3JN,51.704923,-0.201589,EN6 9GE,51.698662,-0.19029
EN6 3JN,51.704923,-0.201589,EN6 9GF,51.698662,-0.19029
EN6 3JN,51.704923,-0.201589,EN6 9GG,51.698662,-0.19029
EN6 3JN,51.704923,-0.201589,EN6 9GH,51.698662,-0.19029
EN6 3JN,51.704923,-0.201589,EN6 9GJ,51.698662,-0.19029
EN6 3JN,51.704923,-0.201589,EN6 9GL,51.698662,-0.19029
EN6 3JN,51.704923,-0.201589,EN6 9GN,51.698662,-0.19029
EN6 3JN,51.704923,-0.201589,EN6 9GP,51.698662,-0.19029
EN6 3JN,51.704923,-0.201589,EN6 9GQ,51.698662,-0.19029
EN6 3JN,51.704923,-0.201589,EN6 9GR,51.698662,-0.19029
EN6 3JN,51.704923,-0.201589,EN6 9GS,51.698662,-0.19029
EN6 3JN,51.704923,-0.201589,EN6 9GT,51.698662,-0.19029
EN6 3JN,51.704923,-0.201589,EN6 9GU,51.698662,-0.19029
EN6 3JN,51.704923,-0.201589,EN6 9GW,51.698662,-0.19029
EN6 3JN,51.704923,-0.201589,EN6 9GX,51.698662,-0.19029
EN6 3JN,51.704923,-0.201589,EN6 9GY,51.698662,-0.19029
EN6 3JN,51.704923,-0.201589,EN6 9GZ,51.698662,-0.19029
EN6 3JN,51.704923,-0.201589,EN6 9HA,51.698662,-0.19029
EN6 3JN,51.704923,-0.201589,EN6 9HB,51.698662,-0.19029
EN6 3JN,51.704923,-0.201589,EN6 9HD,51.698662,-0.19029
EN6 3JN,51.704923,-0.201589,EN6 9HE,51.698662,-0.19029
EN6 3JN,51.704923,-0.201589,EN6 9HF,51.698662,-0.19029
EN6 3JN,51.704923,-0.201589,EN6 9HG,51.698662,-0.19029
EN6 3JN,51.704923,-0.201589,EN6 9HH,51.698662,-0.19029
EN6 3JN,51.704923,-0.201589,EN6 9HJ,51.698662,-0.19029
EN6 3JN,51.704923,-0.201589,EN6 9HL,51.698662,-0.19029
EN6 3JN,51.704923,-0.201589,EN6 9HN,51.698662,-0.19029
EN6 3JN,51.704923,-0.201589,EN6 9HP,51.698662,-0.19029
EN6 3JN,51.704923,-0.201589,EN6 9HQ,51.698662,-0.19029
EN6 3JN,51.704923,-0.201589,EN6 9HR,51.698662,-0.19029
EN6 3JN,51.704923,-0.201589,EN6 9HS,51.698662,-0.19029
EN6 3JN,51.704923,-0.201589,EN6 9HT,51.698662,-0.19029
EN6 3JN,51.704923,-0.201589,EN6 9HU,51.698662,-0.19029
